family,full_name,gene_name,group,iuphar,kinase_ID,name,pocket,species,subfamily,uniprot
Abl,"ABL proto-oncogene 1, non-receptor tyrosine kinase",ABL1,TK,1923,392,ABL1,HKLGGGQYGEVYEVAVKTLEFLKEAAVMKEIKPNLVQLLGVYIITEFMTYGNLLDYLREYLEKKNFIHRDLAARNCLVVADFGLS,Human,,P00519
Ack,"tyrosine kinase, non-receptor, 2",TNK2,TK,2246,394,ACK,EKLGDGSFGVVRRVAVKCLDFIREVNAMHSLDRNLIRLYGVKMVTELAPLGSLLDRLRKYLESKRFIHRDLAARNLLLIGDFGLM,Human,,Q07912
STKR,activin A receptor type IIA,ACVR2A,TKL,1791,523,ACTR2,EVKARGRFGCVWKVAVKIFSWQNEYEVYSLPGENILQFIGAWLITAFHEKGSLSDFLKADGHKPAISHRDIKSKNVLLIADFGLA,Human,Type2,P27037
STKR,activin A receptor type IIB,ACVR2B,TKL,1792,524,ACTR2B,EIKARGRFGCVWKVAVKIFSWQSEREIFSTPGENLLQFIAAWLITAFHDKGSLTDYLKGEGHKPSIAHRDFKSKNVLLLADFGLA,Human,Type2,Q13705
ABC1,"Atypical kinase COQ8B, mitochondrial",COQ8B,Atypical,1928,71,ADCK4,VPFAAASIGQVHQVAVKIQDYRREAACAQNFRFRVPAVVKETRVLGMELGVPLDQCQGLELFEFRFMQTDPNWANFLYLLDFGAS,Human,ABC1-,Q96D53
Trbl,tribbles pseudokinase 1,TRIB1,CAMK,0,170,Trb1,LLLPLAEREHVSRLRCKVFYQDKIRPYIQLPSSNITGIVEVYVFFEKDF-GDMHSYVRSHCHQSAIVLGDLKLRKFVFLRLESLE,Human,,Q96RU8
CAMKL,BR serine/threonine kinase 2,BRSK2,CAMK,1947,119,BRSK2,KTLGKGQTGLVKLVAIKIVKVEREIAILKLIEPHVLKLHDVYLVLEHVSGGELFDYLVKFCHSHSICHRDLKPENLLLIADFGMA,Human,BRSK,Q8IWQ3
WNK,WNK lysine deficient protein kinase 2,WNK2,Other,0,339,Wnk2,IELGRGSFKTVYKVAWCELRFKEEAEMLKGLQPNIVRFYDFVLVTELMTSGTLKTYLKRHTRTPPIIHRDLKCDNIFIIGDLGLA,Human,,Q9Y3S1
Akt,v-akt murine thymoma viral oncogene homolog 1,AKT1,AGC,1479,1,AKT1,KLLGKGTFGKVILYAMKILHTLTENRVLQNSRPFLTALKYSCFVMEYANGGELFFHLSRLHSEKNVVYRDLKLENLMLITDFGLC,Human,,P31749
Akt,v-akt murine thymoma viral oncogene homolog 2,AKT2,AGC,1480,2,AKT2,KLLGKGTFGKVILYAMKILHTVTESRVLQNTRPFLTALKYACFVMEYANGGELFFHLSRYLHSRDVVYRDIKLENLMLITDFGLC,Human,,P31751
Akt,v-akt murine thymoma viral oncogene homolog 3,AKT3,AGC,2286,3,AKT3,KLLGKGTFGKVILYAMKILHTLTESRVLKNTRPFLTSLKYSCFVMEYVNGGELFFHLSRYLHSGKIVYRDLKLENLMLITDFGLC,Human,,Q9Y243
CAMK1,calcium/calmodulin dependent protein kinase IG,CAMK1G,CAMK,1954,111,CaMK1g,EVLGSGAFSEVFLFALKCISLENEIAVLKKIKENIVTLEDIYLVMQLVSGGELFDRILEYLHENGIVHRDLKPENLLYITDFGLS,Human,,Q96NX5
ALK,anaplastic lymphoma receptor tyrosine kinase,ALK,TK,1839,396,ALK,RGLGHGAFGEVYEVAVKTLDFLMEALIISKFNQNIVRCIGVFILLELMAGGDLKSFLREYLEENHFIHRDIAARNCLLIGDFGMA,Human,,Q9UM73
STKR,activin A receptor type IL,ACVRL1,TKL,1784,518,ALK1,ECVGKGRYGEVWRVAVKIFSWFRETEIYNTVLDNILGFIASWLITHYHEHGSLYDFLQRTQGKPAIAHRDFKSRNVLVIADLGLA,Human,Type1,P37023
STKR,activin A receptor type I,ACVR1,TKL,1785,516,ALK2,ECVGKGRYGEVWRVAVKIFSWFRETELYNTVMENILGFIASWLITHYHEMGSLYDYLQLTQGKPAIAHRDLKSKNILVIADLGLA,Human,Type1,Q04771
STKR,bone morphogenetic protein receptor type 1A,BMPR1A,TKL,1786,519,BMPR1A,RQVGKGRYGEVWMVAVKVFSWFRETEIYQTVLENILGFIAAYLITDYHENGSLYDFLKCTQGKPAIAHRDLKSKNILIIADLGLA,Human,Type1,P36894
STKR,activin A receptor type IB,ACVR1B,TKL,1787,517,ALK4,EIIGKGRFGEVWRVAVKIFSWFREAEIYQTVMENILGFIAAWLVSDYHEHGSLFDYLNRTQGKPGIAHRDLKSKNILVIADLGLA,Human,Type1,P36896
STKR,transforming growth factor beta receptor I,TGFBR1,TKL,1788,521,TGFbR1,ESIGKGRFGEVWRVAVKIFSWFREAEIYQTVMENILGFIAAWLVSDYHEHGSLFDYLNRTQGKPAIAHRDLKSKNILVIADLGLA,Human,Type1,P36897
STKR,bone morphogenetic protein receptor type 1B,BMPR1B,TKL,1789,520,BMPR1B,KQIGKGRYGEVWMVAVKVFSWFRETEIYQTVLENILGFIAAYLITDYHENGSLYDYLKSTQGKPAIAHRDLKSKNILVIADLGLA,Human,Type1,O00238
CAMKL,protein kinase AMP-activated catalytic subunit alpha 1,PRKAA1,CAMK,1541,117,AMPKa1,DTLGVGTFGKVKVVAVKILKIRREIQNLKLFRPHIIKLYQVFMVMEYVSGGELFDYICKYCHRHMVVHRDLKPENVLLIADFGLS,Human,AMPK,Q13131
CAMKL,protein kinase AMP-activated catalytic subunit alpha 2,PRKAA2,CAMK,1542,118,AMPKa2,DTLGVGTFGKVKIVAVKILKIKREIQNLKLFRPHIIKLYQVFMVMEYVSGGELFDYICKYCHRHMVVHRDLKPENVLLIADFGLS,Human,AMPK,P54646
RGC,natriuretic peptide receptor 1,NPR1,RGC,1747,343,ANPa,TLSGRGSNYGSLLVAVKRVKVLFELKHMRDVQEHLTRFVGACILTEYCPRGSLQDILENLHNGAICSHGNLKSSNCVVITDYGLE,Human,,P16066
RGC,natriuretic peptide receptor 2,NPR2,RGC,0,344,ANPb,TLSLRGSSYGSLMVAIKHVQVLFELKHMRDVQNHLTRFIGACIVTEYCPRGSLQDILENLHNSIISSHGSLKSSNCVVITDYGLA,Human,,P20594
RAF,"A-Raf proto-oncogene, serine/threonine kinase",ARAF,TKL,1933,508,ARAF,KRIGTGSFGTVFRVAVKVLAFKNEMQVLRKTRVNILLFMGFAIITQWCEGSSLYHHLHVYLHAKNIIHRDLKSNNIFLIGDFGLA,Human,RAF,P10398
Abl,"ABL proto-oncogene 2, non-receptor tyrosine kinase",ABL2,TK,1924,393,ABL2,HKLGGGQYGEVYVVAVKTLEFLKEAAVMKEIKPNLVQLLGVYIVTEYMPYGNLLDYLREYLEKKNFIHRDLAARNCLVVADFGLS,Human,,P42684
PIKK,Serine-protein kinase ATM,ATM,Atypical,1934,94,ATM,LAGGVNLPKIIDCQLVKGRDLRQDAVMQQVFQLTICTYKVVSGVLEWCTTVPIGEFLVNVGYI--LGLGDRHVQNILIHIDLGVA,Human,ATM,Q13315
PIKK,Serine/threonine-protein kinase ATR,ATR,Atypical,1935,95,ATR,LASLQKPKKISLKMMCKPKDLRKDCRLMEFNSLHIRTYAVICGIIEWVNTAGLRPILTKVGYI--LGLGDRHGENILFHVDFNCL,Human,ATR,Q13535
Aur,aurora kinase C,AURKC,Other,1938,260,AurC,RPLGKGKFGNVYLVALKVLQLRREIEIQAHLQPNILRLYNYYLILEYAPRGELYKELQKYCHDKKVIHRDIKPENLLLIADFGWS,Human,,Q9UQB9
Axl,AXL receptor tyrosine kinase,AXL,TK,1835,398,AXL,KTLGEGEFGAVMEVAVKTMDFLSEAVCMKEFDPNVMRLIGVVVILPFMKHGDLHSFLLYYLSTKRFIHRDLAARNCMLVADFGLS,Human,,P30530
,,,,,,ADRBK1,,,,
PDHK,"[3-methyl-2-oxobutanoate dehydrogenase [lipoamide]] kinase, mitochondrial",BCKDK,Atypical,1939,89,BCKDK,,Human,BCKDK,O14874
STE20,mitogen-activated protein kinase kinase kinase kinase 2,MAP4K2,STE,2086,1105,Map4k2,QRVGAGTYGDVYKAAVKIVSLQQEITILRECRPNVVAYIGSWICMEFCGGGSLQEIYHAHLHSQGKIHRDIKGANLLLLADFGVS,Human,KHS,Q12851
Src,"BLK proto-oncogene, Src family tyrosine kinase",BLK,TK,1940,464,BLK,RKLGSGQFGEVWMVAIKTLAFLGEANVMKALQERLVRLYAVYIVTEYMARGCLLDFLKTYIERMNSIHRDLRAANILVIADFGLA,Human,SrcB,P51451
RAF,"B-Raf proto-oncogene, serine/threonine kinase",BRAF,TKL,1943,509,BRAF,QRIGSGSFGTVYKVAVKMLAFKNEVGVLRKTRVNILLFMGYAIVTQWCEGSSLYHHLHIYLHAKSIIHRDLKSNNIFLIGDFGLA,Human,RAF,P15056
Src,protein tyrosine kinase 6,PTK6,TK,2182,468,BRK,RKLGSGYFGEVFEVAIKVIMLQSEIQAMKKLRKHILALYAVYIITELMAKGSLLELLRDYLESQNYIHRDLAARNILVVGDFGLA,Human,SRM,Q13882
Tec,Bruton tyrosine kinase,BTK,TK,1948,473,BTK,KELGTGQFGVVKYVAIKMIEFIEEAKVMMNLSEKLVQLYGVFIITEYMANGCLLNYLREYLESKQFLHRDLAARNCLVVSDFGLS,Human,,Q06187
BUB,BUB1 mitotic checkpoint serine/threonine kinase B,BUB1B,Other,0,263,BUBR1,IELGNEDYCIKRETVIKVSINLKLKERLN---DFDHFCSCYIVWHQYINCFTLQDLLQHMLHKAEIVHGDLSPRCLILIVDFSYS,Human,,O60566
CDK,cyclin-dependent kinase 7,CDK7,CMGC,1979,204,CDK7,DFLGEGQFATVYKVAIKKITALREIKLLQELSPNIIGLLDASLVFDFME-TDLEVIIKDYLHQHWILHRDLKPNNLLLLADFGLA,Human,CDK7,P50613
CAMK1,calcium/calmodulin-dependent protein kinase I,CAMK1,CAMK,1952,109,CaMK1a,DVLGTGAFSEVILVAIKCISMENEIAVLHKIKPNIVALDDIYLIMQLVSGGELFDRIVEYLHDLGIVHRDLKPENLLYISDFGLS,Human,,Q14012
CAMK2,calcium/calmodulin-dependent protein kinase II alpha,CAMK2A,CAMK,1555,113,CaMK2a,EELGKGAFSVVRRYAAKIIKLEREARICRLLKPNIVRLHDSYLIFDLVTGGELFEDIVAHCHQMGVVHRDLKPENLLLLADFGLA,Human,,Q9UQM7
CAMK2,calcium/calmodulin-dependent protein kinase II beta,CAMK2B,CAMK,1556,114,CaMK2b,EDIGKGAFSVVRRYAAKIIKLEREARICRLLKSNIVRLHDSYLVFDLVTGGELFEDIVAHCHQMGVVHRDLKPENLLLLADFGLA,Human,,Q13554
CAMK2,calcium/calmodulin-dependent protein kinase II gamma,CAMK2G,CAMK,0,116,CaMK2g,EELGKGAFSVVRRYAAKIIKLEREARICRLLKPNIVRLHDSYLVFDLVTGGELFEDIVAHIHQHDIVHRDLKPENLLLLADFGLA,Human,,Q13555
CAMK1,calcium/calmodulin-dependent protein kinase IV,CAMK4,CAMK,1955,108,CaMK4,SELGRGATSIVYRYALKVLIVRTEIGVLLRLSPNIIKLKEISLVLELVTGGELFDRIVEYLHENGIVHRDLKPENLLYIADFGLS,Human,,Q16566
CAMK-Unique,CaM kinase-like vesicle-associated,CAMKV,CAMK,0,138,VACAMKL,QVIKTEEFCEIFRHTCKKFAAKNEIGILKMVKPNILQLVDVFIFLELATGREVFDWILDYLHSLKIVHRNLKLENLVYISDFHLA,Human,,Q8NCB2
DCAMKL,doublecortin like kinase 1,DCLK1,CAMK,2005,145,DCLK1,RTIGDGNFAVVKEYALKIIMIQNEVSILRRVKPNIVLLIEEYLVMELVKGGDLFDAITSYLHSLNIVHRDIKPENLLVLGDFGLA,Human,,O15075
CASK,calcium/calmodulin-dependent serine protein kinase (MAGUK family),CASK,CAMK,1959,139,CASK,EVIGKGPFSVVRRFAVKIVDLKREASICHMLKPHIVELLETYMVFEFMDGADLCFEIVKYCHDNNIIHRDVKPHCVLLLGGFGVA,Human,,O14936
CDK,cyclin-dependent kinase 1,CDK1,CMGC,1961,197,CDC2,EKIGEGTYGVVYKVAMKKITAIREISLLKELRPNIVSLQDVYLIFEFLS-MDLKKYLDSFCHSRRVLHRDLKPQNLLILADFGLA,Human,CDC2,P06493
CDC7,cell division cycle 7,CDC7,Other,1960,267,CDC7,DKIGEGTFSSVYLIALKHLRIAAELQCLTVAGDNVMGVKYCVIAMPYLE-HESFLD--IRIHQFGIVHRDVKPSNFLYLVDFGLA,Human,,O00311
CDK,cyclin-dependent kinase 2,CDK2,CMGC,1973,198,CDK2,EKIGEGTYGVVYKVALKKITAIREISLLKELNPNIVKLLDVYLVFEFLH-QDLKKFMDAFCHSHRVLHRDLKPQNLLILADFGLA,Human,CDC2,P24941
CDK,cyclin-dependent kinase 3,CDK3,CMGC,1975,199,CDK3,EKIGEGTYGVVYKVALKKITAIREISLLKELKPNIVRLLDVYLVFEFLS-QDLKKYMDSFCHSHRVIHRDLKPQNLLILADFGLA,Human,CDC2,Q00526
CDK,cyclin-dependent kinase 4,CDK4,CMGC,1976,201,CDK4,AEIGVGAYGTVYKVALKSVSTVREVALLRRLEPNVVRLMDVTLVFEHVD-QDLRTYLDKFLHANCIVHRDLKPENILVLADFGLA,Human,CDK4,P11802
CDK,cyclin-dependent kinase 5,CDK5,CMGC,1977,203,CDK5,EKIGEGTYGTVFKVALKRVSALREICLLKELKKNIVRLHDVTLVFEFCD-QDLKKYFDSFCHSRNVLHRDLKPQNLLILADFGLA,Human,CDK5,Q00535
CDK,cyclin-dependent kinase 6,CDK6,CMGC,1978,202,CDK6,AEIGEGAYGKVFKVALKRVSTIREVAVLRHLEPNVVRLFDVTLVFEHVD-QDLTTYLDKFLHSHRVVHRDLKPQNILVLADFGLA,Human,CDK4,Q00534
CDK,cyclin-dependent kinase 8,CDK8,CMGC,1980,205,CDK8,CKVGRGTYGHVYKYALKQISACREIALLRELKPNVISLQKVWLLFDYAE-HDLWHIIKFYLHANWVLHRDLKPANILVIADMGFA,Human,CDK8,P49336
PKG,"protein kinase, cGMP-dependent, type I",PRKG1,AGC,1492,42,PKG1,DTLGVGGFGRVELFAMKILHIRSEKQIMQGAHDFIVRLYRTYMLMEACLGGELWTILRDYLHSKGIIYRDLKPENLILLVDFGFA,Human,,Q13976
PKG,"protein kinase, cGMP-dependent, type II",PRKG2,AGC,1493,43,PKG2,ATLGVGGFGRVELFAMKCIHVYSEKRILEELCPFIVKLYRTYMLLEACLGGELWSILRDYLHRLGIIYRDLKPENLILLVDFGFA,Human,,Q13237
CDK,cyclin-dependent kinase 13,CDK13,CMGC,1966,208,CHED,GIIGEGTYGQVYKVALKKVTAIREIKILRQLTQSIINMKEIYLVFEYMD-HDLMGLLESYCHKKNFLHRDIKCSNILLLADFGLA,Human,CRK7,Q14004
CAMKL,checkpoint kinase 1,CHEK1,CAMK,1987,121,CHK1,QTLGEGAYGEVQLVAVKIVNIKKEICINKMLNENVVKFYGHYLFLEYCSGGELFDRIEPYLHGIGITHRDIKPENLLLISDFGLA,Human,CHK1,O14757
RAD53,checkpoint kinase 2,CHEK2,CAMK,1988,168,CHK2,KTLGSGACGEVKLVAIKIINVETEIEILKKLNPCIIKIKNFYIVLELMEGGELFDKVVGYLHENGIIHRDLKPENVLLITDFGHS,Human,,O96017
CK1,casein kinase 1 alpha 1,CSNK1A1,CK1,1995,184,CK1a,RKIGSGSFGDIYLVAVKLEQLLYESKLYKILQVGIPHIRWYVLVMDLLG-PSLEDLFNFYVHTKNFIHRDIKPDNFLMLIDFGLA,Human,CK1-A,P48729
CK1,casein kinase 1 delta,CSNK1D,CK1,1997,186,CK1d,RKIGSGSFGDIYLVAIKLEQLHIESKIYKMMQVGIPTIRWCVMVMELLG-PSLEDLFNFYIHSKNFIHRDVKPDNFLMIIDFGLA,Human,CK1-D,P48730
CK1,casein kinase 1 epsilon,CSNK1E,CK1,1998,187,CK1e,RKIGSGSFGDIYLVAIKLEQLHIESKFYKMMQVGIPSIKWCVMVMELLG-PSLEDLFNFYIHSKNFIHRDVKPDNFLMIIDFGLA,Human,CK1-D,P49674
CK1,casein kinase 1 gamma 2,CSNK1G2,CK1,2000,188,CK1g2,KKIGCGNFGELRLVAIKLEQLHLEYRFYKQLSEGVPQVYYFAMVLELLG-PSLEDLFDLYVHTKSLIYRDVKPENFLVIIDFGLA,Human,CK1-G,P78368
CK1,casein kinase 1 gamma 3,CSNK1G3,CK1,2001,189,CK1g3,KKIGCGNFGELRLVAIKLEQLHLEYRFYKQLGDGIPQVYYFAMVLELLG-PSLEDLFDLYVHSKNLIYRDVKPENFLIIIDFGLA,Human,CK1-G,Q9Y6M4
CK2,casein kinase 2 alpha 1,CSNK2A1,CMGC,1549,221,CK2a1,RKLGRGKYSEVFEVVVKILKIKREIKILENLRPNIITLADIALVFEHVN-NTDFKQ--LYCHSMGIMHRDVKPHNVMILIDWGLA,Human,,P68400
CK2,casein kinase 2 alpha 2,CSNK2A2,CMGC,1550,222,CK2a2,RKLGRGKYSEVFEVVVKILKIKREVKILENLRTNIIKLIDTALVFEYIN-NTDFKQLYQYCHSKGIMHRDVKPHNVMILIDWGLA,Human,,P19784
CLK,CDC like kinase 1,CLK1,CMGC,1990,223,CLK1,DTLGEGAFGKVVEVAVKIVAARSEIQVLEHLNFRCVQMLEWCIVFELLG-LSTYDFIKEFLHSNKLTHTDLKPENILFVVDFGSA,Human,,P49759
CLK,CDC like kinase 2,CLK2,CMGC,1991,224,CLK2,STLGEGTFGRVVQVALKIIAARLEINVLEKINNLCVQMFDWCISFELLG-LSTFDFLKDFLHDNKLTHTDLKPENILFVVDFGSA,Human,,P49760
CLK,CDC like kinase 3,CLK3,CMGC,1992,225,CLK3,GNLGEGTFGKVVEVALKIIAARLEINVLKKIKFLCVLMSDWCIAFELLG-KNTFEFLKEFLHENQLTHTDLKPENILFVADFGSA,Human,,P49761
STE-Unique,mitogen-activated protein kinase kinase kinase 8,MAP3K8,STE,2083,390,COT,DFIPRGAFGKVYLMACKLIFKPSDVEIQACFRENIAELYGAHLFMEAGEGGSVLEKLESFLHSKKVIHHDIKPSNIVFLVDFGLS,Human,,P41279
PDGFR,colony stimulating factor 1 receptor,CSF1R,TK,1806,449,FMS,KTLGAGAFGKVVEVAVKMLALMSELKIMSHLGENIVNLLGALVITEYCCYGDLLNFLRRFLASKNCIHRDVAARNVLLIGDFGLA,Human,,P07333
Csk,c-src tyrosine kinase,CSK,TK,1994,402,CSK,QTIGKGEFGDVMLVAVKCIAFLAEASVMTQLRSNLVQLLGVYIVTEYMAKGSLVDYLRSYLEGNNFVHRDLAARNVLVVSDFGLT,Human,,P41240
CAMKL,microtubule affinity regulating kinase 3,MARK3,CAMK,2099,126,MARK3,KTIGKGNFAKVKLVAIKIIKLFREVRIMKILNPNIVKLFEVYLIMEYASGGEVFDYLVAYCHQKRIVHRDLKAENLLLIADFGFS,Human,MARK,P27448
RGC,"guanylate cyclase 2D, membrane (retina-specific)",GUCY2D,RGC,0,342,CYGD,SDIRSGPSQHLDSVWLKKFATKTAFSKLQELRENVALYLGLAVVSEHCTRGSLQDLLAQYLHHRGVAHGRLKSRNCIVITDHGHG,Human,,Q02846
RGC,"guanylate cyclase 2F, retinal",GUCY2F,RGC,0,341,CYGF,SEVQSGRSPRLSFVWLKKFRASDVFEMMKDLRENINPLLGFAIVTEFCSRGSLEDILTNYLHHREFVHGRLKSRNCVVVTDYGFN,Human,,P51841
DAPK,death-associated protein kinase 1,DAPK1,CAMK,2002,140,DAPK1,EELGSGQFAVVKKYAAKFIDIEREVSILKEIQPNVITLHEVILILELVAGGELFDFLAEYLHSLQIAHFDLKPENIMLIIDFGLA,Human,DAPK,P53355
DAPK,death-associated protein kinase 2,DAPK2,CAMK,2003,142,DAPK2,EELGSGQFAIVKKYAAKFIEIEREVSILRQVLHNVITLHDVVLILELVSGGELFDFLAQYLHTKKIAHFDLKPENIMLLIDFGLA,Human,DAPK,Q9UIK4
MLK,mitogen-activated protein kinase kinase kinase 12,MAP3K12,TKL,2072,498,DLK,QWVGSGAQGAVFLVAVKKVLKETDIKHLRKLKPNIITFKGVCILMEFCAQGQLYEVLRAYLHLHKIIHRDLKSPNMLIISDFGTS,Human,LZK,Q12852
DMPK,dystrophia myotonica protein kinase,DMPK,AGC,1505,5,DMPK1,KVIGRGAFSEVAVYAMKIMCFREERDVLVNGDRWITQLHFAYLVMEYYVGGDLLTLLSKSVHRLGYVHRDIKPDNILLLADFGSC,Human,GEK,Q09013
DMPK,CDC42 binding protein kinase gamma,CDC42BPG,AGC,1506,8,DMPK2,KVIGRGAFGEVTVFAMKMLCFREERDVLVKGDRWVTTLHYAYLVMDYYAGGDLLTLLSRSLHQLGYVHRDVKPDNVLLLADFGSC,Human,GEK,Q6DT37
,,,,,,PRKDC,,,,
DYRK,dual specificity tyrosine phosphorylation regulated kinase 1B,DYRK1B,CMGC,2010,228,DYRK1B,SLIGKGSFGQVVKVAIKIIQAQIELRLLELMNYYIVHLKRHCLVFELLS-YNLYDLLRNATPELSIIHCDLKPENILLIVDFGSS,Human,DYRK1,Q9Y463
DYRK,dual specificity tyrosine phosphorylation regulated kinase 2,DYRK2,CMGC,2011,230,DYRK2,KVIGKGSFGQVVKVALKMVQAAEEIRILEHLRMNVIHMLENCMTFELLS-MNLYELIKKALHKNRIIHCDLKPENILLVIDFGSS,Human,DYRK2,Q92630
DYRK,dual specificity tyrosine phosphorylation regulated kinase 4,DYRK4,CMGC,2013,231,DYRK4,ETIGKGSFGQVAKVALKIIQALMELKILEALRYNVVHMKDFCITFELLG-INLYELMKNMLSVEKIIHCDLKPENIVLVIDFGSS,Human,DYRK2,Q9NR20
Alpha,Eukaryotic elongation factor 2 kinase,EEF2K,Atypical,2014,80,eEF2K,,Human,eEF2K,O00418
EGFR,epidermal growth factor receptor,EGFR,TK,1797,406,EGFR,KVLGSGAFGTVYKVAIKELEILDEAYVMASVDPHVCRLLGIQLITQLMPFGCLLDYVREYLEDRRLVHRDLAARNVLVITDFGLA,Human,,P00533
PEK,eukaryotic translation initiation factor 2 alpha kinase 2,EIF2AK2,Other,2016,310,PKR,ELIGSGGFGQVFKYVIKRVKAEREVKALAKLDVNIVHYNGCFIQMEFCDKGTLEQWIEKYIHSKKLIHRDLKPSNIFLIGDFGLV,Human,PKR,P19525
CAMKL,microtubule affinity regulating kinase 2,MARK2,CAMK,2098,124,MARK2,KTIGKGNFAKVKLVAVKIIKLFREVRIMKVLNPNIVKLFEVYLVMEYASGGEVFDYLVAYCHQKFIVHRDLKAENLLLIADFGFS,Human,MARK,Q7KZI7
Eph,EPH receptor A1,EPHA1,TK,1821,411,EphA1,TVIGEGEFGEVYRVAIKTLNFLREATIMGQFSPHILHLEGVMIITEFMENGALDAFLREYLSNHNYVHRDLAARNILVVSDFGLT,Human,,P21709
Eph,EPH receptor A2,EPHA2,TK,1822,410,EphA2,KVIGAGEFGEVYKVAIKTLDFLGEAGIMGQFSHNIIRLEGVMIITEYMENGALDKFLREYLANMNYVHRDLAARNILVVSDFGLS,Human,,P29317
Eph,EPH receptor A3,EPHA3,TK,1823,412,EphA3,KVVGAGEFGEVCSVAIKTLDFLGEASIMGQFDPNIIRLEGVMIVTEYMENGSLDSFLRKYLSDMGYVHRDLAARNILIVSDFGLS,Human,,P29320
Eph,EPH receptor A4,EPHA4,TK,1824,413,EphA4,KVIGVGEFGEVCSVAIKTLDFLSEASIMGQFDPNIIHLEGVMIITEYMENGSLDAFLRKYLSDMSYVHRDLAARNILVVSDFGMS,Human,,P54764
Eph,EPH receptor A5,EPHA5,TK,1825,414,EphA5,RVIGAGEFGEVCSVAIKTLDFLGEASIMGQFDPNIIHLEGVMIVTEYMENGSLDTFLKKYLSDMGYVHRDLAARNILIVSDFGLS,Human,,P54756
Eph,EPH receptor A8,EPHA8,TK,1828,416,EphA8,KIIGSGDSGEVCYVAIKALDFLSEASIMGQFDPNIIRLEGVMIVTEYMENGSLDTFLRTYLSDLGYVHRDLAARNVLVVSDFGLS,Human,,P29322
Eph,EPH receptor B1,EPHB1,TK,1830,417,EphB1,EVIGAGEFGEVYKVAIKTLDFLSEASIMGQFDPNIIRLEGVMIITEFMENGALDSFLRQYLAEMNYVHRDLAARNILVVSDFGLS,Human,,P54762
Eph,EPH receptor B2,EPHB2,TK,1831,418,EphB2,QVIGAGEFGEVCSVAIKTLDFLSEASIMGQFDPNVIHLEGVMIITEFMENGSLDSFLRQYLADMNYVHRDLAARNILVVSDFGLS,Human,,P29323
Eph,EPH receptor B3,EPHB3,TK,1832,419,EphB3,EVIGAGEFGEVCRVAIKTLDFLSEASIMGQFDPNIIRLEGVMILTEFMENCALDSFLRLYLSEMNYVHRDLAARNILVVSDFGLS,Human,,P54753
Eph,EPH receptor B4,EPHB4,TK,1833,420,EphB4,EVIGAGEFGEVCRVAIKTLEFLSEASIMGQFEPNIIRLEGVMILTEFMENGALDSFLRLYLAEMSYVHRDLAARNILVVSDFGLS,Human,,P54760
Eph,EPH receptor B6,EPHB6,TK,1834,421,EphB6,EVIGTGSFGEVRQVAIQALTFLGRAAVLGQFQPNILRLEGVMVLTEFMELGPLDSFLRQYLSSFAFVHRSLSAHSVLVVARLGHS,Human,,O15197
MAPK,mitogen-activated protein kinase 3,MAPK3,CMGC,1494,240,Erk1,QYIGEGAYGMVSSVAIKKIRTLREIQILLRFRENVIGIRDIYIVQDLME-TDLYKLLKSYIHSANVLHRDLKPSNLLIICDFGLA,Human,ERK1,P27361
MAPK,mitogen-activated protein kinase 1,MAPK1,CMGC,1495,239,Erk2,SYIGEGAYGMVCSVAIKKIRTLREIKILLRFRENIIGINDIYIVQDLME-TDLYKLLKTYIHSANVLHRDLKPSNLLLICDFGLA,Human,ERK1,P28482
MAPK,mitogen-activated protein kinase 6,MAPK6,CMGC,2092,242,Erk3,KPLGCGGNGLVFSVAIKKIHALREIKIIRRLDDNIVKVFEIYIVQEYME-TDLANVLEQYIHSANVLHRDLKPANLFIIGDFGLA,Human,ERK3,Q16659
MAPK,mitogen-activated protein kinase 4,MAPK4,CMGC,2091,241,Erk4,QPLGFGVNGLVLSVAVKKIHALREIKIIRRLDDNIVKVYEVYIVQEYME-TDLARLLEQYIHSANVLHRDLKPANIFIIGDFGLA,Human,ERK3,P31152
FAK,protein tyrosine kinase 2,PTK2,TK,2180,425,FAK,RCIGEGQFGDVHQVAIKTCKFLQEALTMRQFDPHIVKLIGVWIIMELCTLGELRSFLQVYLESKRFVHRDIAARNVLVLGDFGLS,Human,,Q05397
Fer,FER tyrosine kinase,FER,TK,2022,426,FER,ELLGKGNFGEVYKVAVKTCKFLQEAKILKQYDPNIVKLIGVYIIMELVSGGDFLTFLRRYLESKNCIHRDLAARNCLVISDFGMS,Human,,P16591
Fer,"FES proto-oncogene, tyrosine kinase",FES,TK,2023,427,FES,EQIGRGNFGEVFSVAVKSCKFLQEARILKQYSPNIVRLIGVYIVMELVQGGDFLTFLRTYLESKCCIHRDLAARNCLVISDFGMS,Human,,P07332
FGFR,fibroblast growth factor receptor 1,FGFR1,TK,1808,428,FGFR1,KPLGEGCFGQVVLVAVKMLDLISEMEMMKMIGKNIINLLGAYVIVEYASKGNLREYLQAYLASKKCIHRDLAARNVLVIADFGLA,Human,,P11362
FGFR,fibroblast growth factor receptor 2,FGFR2,TK,1809,430,FGFR2,KPLGEGCFGQVVMVAVKMLDLVSEMEMMKMIGKNIINLLGAYVIVEYASKGNLREYLRAYLASQKCIHRDLAARNVLVIADFGLA,Human,,P21802
FGFR,fibroblast growth factor receptor 3,FGFR3,TK,1810,429,FGFR3,KPLGEGCFGQVVMVAVKMLDLVSEMEMMKMIGKNIINLLGAYVLVEYAAKGNLREFLRAYLASQKCIHRDLAARNVLVIADFGLA,Human,,P22607
FGFR,fibroblast growth factor receptor 4,FGFR4,TK,1811,431,FGFR4,KPLGEGCFGQVVRVAVKMLDLVSEMEVMKLIGKNIINLLGVYVIVECAAKGNLREFLRAYLESRKCIHRDLAARNVLVIADFGLA,Human,,P22455
Src,"FGR proto-oncogene, Src family tyrosine kinase",FGR,TK,2024,460,FGR,RRLGTGCFGDVWLVAVKTLAFLEEAQVMKLLRDKLVQLYAVYIVTEFMCHGSLLDFLKNYMERMNYIHRDLRAANILVIADFGLA,Human,SrcA,P09769
PDGFR,fms related tyrosine kinase 3,FLT3,TK,1807,450,FLT3,KVLGSGAFGKVMNVAVKMLALMSELKMMTQLGENIVNLLGAYLIFEYCCYGDLLNYLRSFLEFKSCVHRDLAARNVLVICDFGLA,Human,,P36888
VEGFR,fms related tyrosine kinase 1,FLT1,TK,1812,483,FLT1,KSLGRGAFGKVVQVAVKMLALMTELKILTHIGLNVVNLLGAMVIVEYCKYGNLSNYLKSFLSSRKCIHRDLAARNILLICDFGLA,Human,,P17948
VEGFR,fms related tyrosine kinase 4,FLT4,TK,1814,484,FLT4,RVLGYGAFGKVVEVAVKMLALMSELKILIHIGLNVVNLLGAMVIVEFCKYGNLSNFLRAFLASRKCIHRDLAARNILLICDFGLA,Human,,P35916
PIKK,Serine/threonine-protein kinase mTOR,MTOR,Atypical,2109,97,FRAP,LQVITSKQRPRKLFLLKGHDLRQDERVMQLFGLSIQRYAVISGLIGWVPCDTLHALIRDVGYI--LGLGDRHPSNLMLHIDFGDC,Human,FRAP,P42345
Src,"FYN proto-oncogene, Src family tyrosine kinase",FYN,TK,2026,461,FYN,KRLGNGQFGEVWMVAIKTLSFLEEAQIMKKLKDKLVQLYAVYIVTEYMNKGSLLDFLKDYIERMNYIHRDLRSANILVIADFGLA,Human,SrcA,P06241
NAK,cyclin G associated kinase,GAK,Other,2027,279,GAK,RVLAEGGFAFVYEYALKRLAIIQEVCFMKKLSPNIVQFCSALLLTELCK-GQLVEFLKKHRQKPPIIHRDLKVENLLLLCDFGSA,Human,GAK,O14976
GRK,G protein-coupled receptor kinase 4,GRK4,AGC,1468,13,GPRK4,RVLGKGGFGEVCAYACKKLMALNEKRILEKVQRFVVSLAYACLVLTIMNGGDLKFHIYNDLQRERIVYRDLKPENILLISDLGLA,Human,GRK,P32298
GRK,G protein-coupled receptor kinase 5,GRK5,AGC,1469,14,GPRK5,RVLGKGGFGEVCAYACKRLMALNEKQILEKVNQFVVNLAYACLVLTIMNGGDLKFHIYNDLHRENTVYRDLKPENILLISDLGLA,Human,GRK,P34947
GRK,G protein-coupled receptor kinase 6,GRK6,AGC,1470,15,GPRK6,RVLGKGGFGEVCAYACKKLMALNEKQILEKVNRFVVSLAYACLVLTLMNGGDLKFHIYHDLHRERIVYRDLKPENILLISDLGLA,Human,GRK,P43250
Trbl,tribbles pseudokinase 2,TRIB2,CAMK,0,171,Trb2,LLLEPLEGDHVFRLVCKVFYQESLAPCFCLSASNINQITEIYVFFERSY-GDMHSFVRTHCHDGGLVLRDLKLRKFIFVKLESLE,Human,,Q92519
GSK,glycogen synthase kinase 3 alpha,GSK3A,CMGC,2029,237,GSK3A,KVIGNGSFGVVYQVAIKKVFKNRELQIMRKLDCNIVRLRYFNLVLEYVP-ETVYRVARHYIHSQGVCHRDIKPQNLLVLCDFGSA,Human,,P49840
GSK,glycogen synthase kinase 3 beta,GSK3B,CMGC,2030,238,GSK3B,KVIGNGSFGVVYQVAIKKVFKNRELQIMRKLDCNIVRLRYFNLVLDYVP-ETVYRVARHYIHSFGICHRDIKPQNLLLLCDFGSA,Human,,P49841
Src,"HCK proto-oncogene, Src family tyrosine kinase",HCK,TK,2032,465,HCK,KKLGAGQFGEVWMVAVKTMAFLAEANVMKTLQDKLVKLHAVYIITEFMAKGSLLDFLKSFIEQRNYIHRDLRAANILVIADFGLA,Human,SrcB,P08631
EGFR,erb-b2 receptor tyrosine kinase 2,ERBB2,TK,2019,407,ErbB2,KVLGSGAFGTVYKVAIKVLEILDEAYVMAGVGPYVSRLLGIQLVTQLMPYGCLLDHVREYLEDVRLVHRDLAARNVLVITDFGLA,Human,,P04626
EGFR,erb-b2 receptor tyrosine kinase 3,ERBB3,TK,1798,408,ErbB3,KVLGSGVFGTVHKVCIKVIAVTDHMLAIGSLDAHIVRLLGLQLVTQYLPLGSLLDHVRQYLEEHGMVHRNLAARNVLLVADFGVA,Human,,P21860
EGFR,erb-b2 receptor tyrosine kinase 4,ERBB4,TK,1799,409,ErbB4,KVLGSGAFGTVYKVAIKILEFMDEALIMASMDPHLVRLLGVQLVTQLMPHGCLLEYVHEYLEERRLVHRDLAARNVLVITDFGLA,Human,,Q15303
DYRK,homeodomain interacting protein kinase 1,HIPK1,CMGC,2033,235,HIPK1,EFLGRGTFGQVAKVAIKILQGQIEVSILSRLSYNFVRSYECCLVFEMLE-QNLYDFLKQKLKSLGLIHADLKPENIMLVIDFGSA,Human,HIPK,Q86Z02
STE20,mitogen-activated protein kinase kinase kinase kinase 1,MAP4K1,STE,2085,358,HPK1,QRLGGGTYGEVFKVALKMVTLQKEILILKTCRANIVAYHGSWICMEFCGAGSLQDIYQVYLHSQKKIHRDIKGANILILADFGIS,Human,KHS,Q92918
RGC,guanylate cyclase 2C,GUCY2C,RGC,1750,340,HSER,DDKRRDTIQRLRQVILKDLKQKIELNKLLQIDYNLTKFYGTFGVIEYCERGSLREVLNDLHSSKTEVHGRLKSTNCVVITDFGCN,Human,,P25092
InsR,insulin like growth factor 1 receptor,IGF1R,TK,1801,432,IGF1R,RELGQGSFGMVYEVAIKTVEFLNEASVMKEFN-HVVRLLGVLVIMELMTRGDLKSYLRSYLNANKFVHRDLAARNCMVIGDFGMT,Human,,P08069
IKK,conserved helix-loop-helix ubiquitous kinase,CHUK,Other,1989,269,IKKa,ERLGTGGFGNVCLIAIKSCRWCHEIQIMKKLNANVVKACDVLLAMEYCSGGDLRKLLNKYLHENKIIHRDLKPENIVLIIDLGYA,Human,,O15111
IKK,"inhibitor of kappa light polypeptide gene enhancer in B-cells, kinase beta",IKBKB,Other,2039,270,IKKb,ERLGTGGFGNVIRIAIKQCRWCLEIQIMRRLTPNVVAARDVLLAMEYCQGGDLRKYLNQYLHENRIIHRDLKPENIVLIIDLGYA,Human,,O14920
MLK,integrin linked kinase,ILK,TKL,2041,497,ILK,TKLNENHSGELWKIVVKVLDFNEECPRLRIFSPNVLPVLGATLITHWMPYGSLYNVLHEHTLEPLIPRHALNSRSVMIISMADVK,Human,ILK,Q13418
InsR,insulin receptor,INSR,TK,1800,433,INSR,RELGQGSFGMVYEVAVKTVEFLNEASVMKGFT-HVVRLLGVLVVMELMAHGDLKSYLRSYLNAKKFVHRDLAARNCMVIGDFGMT,Human,,P06213
IRAK,interleukin 1 receptor associated kinase 1,IRAK1,TKL,2042,486,IRAK1,LKIGEGGFGCVYRYAVKRLSFLTEVEQLSRFRPNIVDFAGYCLVYGFLPNGSLEDRLHCHQDSPSLIHGDIKSSNVLLLGDFGLA,Human,,P51617
IRAK,interleukin 1 receptor associated kinase 2,IRAK2,TKL,0,487,IRAK2,RKISQGTFADVYRFVFKKLFFQAELQICLRCCPNVLPVLGFSFIYPYMANGSLQDRLQGYLHGLEIIHSNVKSSNVLLLAHPMAH,Human,,O43187
IRAK,interleukin 1 receptor associated kinase 3,IRAK3,TKL,2044,488,IRAK3,FLIGEGEIFEVYRYAVKLFRFLSELEVLLLFHPNILELAAYCLIYPYMRNGTLFDRLQCNVQPCSVICGSISSANILLLTDFAMA,Human,,Q9Y616
IRE,endoplasmic reticulum to nucleus signaling 1,ERN1,Other,2020,273,IRE1,DVLGHGAEGTIVYVAVKRIFADREVQLLRESDPNVIRYFCTYIAIELCAA-TLQEYVEQHLHSLNIVHRDLKPHNILIISDFGLC,Human,,O75460
InsR,insulin receptor-related receptor,INSRR,TK,1802,434,IRR,RELGQGSFGMVYEVALKTVEFLKEASVMKAFK-HVVRLLGVLVIMELMTRGDLKSHLRSYLAANKFVHRDLAARNCMVIGDFGMT,Human,,P14616
Tec,IL2 inducible T-cell kinase,ITK,TK,2046,474,ITK,QEIGSGQFGLVHLVAIKTIDFIEEAEVMMKLSPKLVQLYGVCLVFEFMEHGCLSDYLRTYLEEACVIHRDLAARNCLVVSDFGMT,Human,,Q08881
JakA,Janus kinase 1,JAK1,TK,2047,435,JAK1,RDLGEGHFGKVELVAVKSLDLKKEIEILRNLYENIVKYKGIKLIMEFLPSGSLKEYLPKYLGSRQYVHRDLAARNVLVIGDFGLT,Human,,P23458
JakA,Janus kinase 2,JAK2,TK,0,436,JAK2,QQLGKGNFGSVEMVAVKKLDFEREIEILKSLQDNIVKYKGVKLIMEYLPYGSLRDYLQKYLGTKRYIHRDLATRNILVIGDFGLT,Human,,O60674
JakA,Janus kinase 3,JAK3,TK,2049,437,JAK3,SQLGKGNFGSVELVAVKQLDFQREIQILKALHDFIVKYRGVRLVMEYLPSGCLRDFLQRYLGSRRCVHRDLAARNILVIADFGLA,Human,,P52333
MAPK,mitogen-activated protein kinase 8,MAPK8,CMGC,1496,245,JNK1,KPIGSGAQGIVCAVAIKKLRAYRELVLMKCVNKNIIGLLNVYIVMELMD-ANLCQVIQMHLHSAGIIHRDLKPSNIVVILDFGLA,Human,JNK,P45983
MAPK,mitogen-activated protein kinase 9,MAPK9,CMGC,1497,246,JNK2,KPIGSGAQGIVCAVAVKKLRAYRELVLLKCVNKNIISLLNVYLVMELMD-ANLCQVIHMHLHSAGIIHRDLKPSNIVVILDFGLA,Human,JNK,P45984
MAPK,mitogen-activated protein kinase 10,MAPK10,CMGC,1498,247,JNK3,KPIGSGAQGIVCAVAIKKLRAYRELVLMKCVNKNIISLLNVYLVMELMD-ANLCQVIQMHLHSAGIIHRDLKPSNIVVILDFGLA,Human,JNK,P53779
STE20,mitogen-activated protein kinase kinase kinase kinase 5,MAP4K5,STE,2089,357,KHS1,QRVGSGTYGDVYKAAVKIILIQQEIFMVKECKCNIVAYFGSWICMEYCGGGSLQDIYHVYLHTKGKMHRDIKGANILLLADFGVA,Human,KHS,Q9Y4K4
IKK,"inhibitor of kappa light polypeptide gene enhancer in B-cells, kinase epsilon",IKBKE,Other,2040,271,IKKe,DLLGQGATASVYKVAVKVFVQVREFEVLRKLNQNIVKLFAVVLVMEYCSSGSLLSVLESHLRENGIVHRDIKPGNIMRLTDFGAA,Human,,Q14164
CAMKL,"NUAK family, SNF1-like kinase, 1",NUAK1,CAMK,2129,130,NuaK1,ETLGKGTYGKVKRVAIKSIHIRREIEIMSSLNPHIISIYEVVIIMEYASKGELYDYISEYCHKNGVVHRDLKLENILLIADFGLS,Human,NuaK,O60285
MAST,microtubule associated serine/threonine kinase 3,MAST3,AGC,1512,19,MAST3,KLISNGAYGAVYLFAIKKIQVFVERDILTFAEPFVVSMFCSCMVMEYVEGGDCATLLKNYLHNYGIVHRDLKPDNLLILTDFGLS,Human,MAST,O60307
ULK,serine/threonine kinase 36,STK36,Other,2223,327,Fused,EMIGEGSFGRVYKVALKFINLQREIEIMRGLRPNIVHMLDSVVVTDYAE-GELFQILEDYLHSHRILHRDMKPQNILLLCDFGFA,Human,Fused,Q9NRP7
PIM,"Pim-3 proto-oncogene, serine/threonine kinase",PIM3,CAMK,2160,162,PIM3,AVLGSGGFGTVYAVAVKHVTVPLEVVLLRKVGRGVIRLLDWLLVLERPEAQDLFDFITEHCHSCGVVHRDIKDENLLVLIDFGSG,Human,,Q86V86
PDGFR,KIT proto-oncogene receptor tyrosine kinase,KIT,TK,1805,451,KIT,KTLGAGAFGKVVEVAVKMLALMSELKVLSYLGMNIVNLLGALVITEYCCYGDLLNFLRRFLASKNCIHRDLAARNILLICDFGLA,Human,,P10721
CDKL,cyclin dependent kinase like 2,CDKL2,CMGC,1983,218,CDKL2,GLVGEGSYGMVMKVAIKKFIAMREIKLLKQLRENLVNLLEVYLVFEFVD-HTILDDLELFCHSHNIIHRDIKPENILVLCDFGFA,Human,,Q92772
CDKL,cyclin dependent kinase like 1,CDKL1,CMGC,1982,217,CDKL1,GKIGEGSYGVVFKVAIKKFIALREIRMLKQLKPNLVNLLEVHLVFEYCD-HTVLHELDRFCHKHNCIHRDVKPENILILCDFGFA,Human,,Q00532
RAF,Kinase suppressor of ras 1,KSR1,TKL,0,506,KSR1,EPIGQGRWGRVHRVAIRLLLFKKEVMNYRQTRENVVLFMGAAIITSFCKGRTLHSFVRDYLHAKGIVHKDLKSKNVFYITDFGLF,Human,KSR,Q8IVT5
Src,"LCK proto-oncogene, Src family tyrosine kinase",LCK,TK,2053,466,LCK,ERLGAGQFGEVWMVAVKSLAFLAEANLMKQLQQRLVRLYAVYIITEYMENGSLVDFLKTFIEERNYIHRDLRAANILVIADFGLA,Human,SrcB,P06239
LISK,LIM domain kinase 2,LIMK2,TKL,2055,491,LIMK2,EVLGKGFFGQAIKMVMKELTFLTEVKVMRSLDPNVLKFIGVNLLTEYIEGGTLKDFLRSYLHSMCIIHRDLNSHNCLIVADFGLS,Human,LIMK,P53671
CAMKL,serine/threonine kinase 11,STK11,CAMK,2212,123,LKB1,DLLGEGSYGKVKERAVKILNVKKEIQLLRRLRKNVIQLVDVYMVMEYCVCGMQEMLDSVYLHSQGIVHKDIKPGNLLLISDLGVA,Human,LKB,Q15831
ALK,leukocyte receptor tyrosine kinase,LTK,TK,1838,397,LTK,RALGHGAFGEVYEVAIKTLDFLMEALIISKFRQNIVRCVGLLILLELMSGGDMKSFLRHYLEENHFIHRDIAARNCLLIGDFGMA,Human,,P29376
Src,"LYN proto-oncogene, Src family tyrosine kinase",LYN,TK,2060,467,LYN,KRLGAGQFGEVWMVAVKTLAFLEEANLMKTLQDKLVRLYAVYIITEYMAKGSLLDFLKSYIERKNYIHRDLRAANVLVIADFGLA,Human,SrcB,P07948
RCK,male germ cell associated kinase,MAK,CMGC,2061,253,MAK,RQLGDGTYGSVLMVAIKRMMNLREVKSLKKLNANVIKLKEVYFIFEYMK-ENLYQLMKDFIHKHGFFHRDMKPENLLCIADFGLA,Human,,P20794
MAPKAPK,mitogen-activated protein kinase-activated protein kinase 2,MAPKAPK2,CAMK,2094,150,MAPKAPK2,QVLGLGINGKVLQFALKMLKARREVELHWRASPHIVRIVDVLIVMECLDGGELFSRIQDYLHSINIAHRDVKPENLLYLTDFGFA,Human,MAPKA,P49137
MAPKAPK,mitogen-activated protein kinase-activated protein kinase 3,MAPKAPK3,CAMK,2095,148,MAPKAPK3,QVLGLGVNGKVLECALKLLKARQEVDHHWQASPHIVCILDVLIIMECMEGGELFSRIQEFLHSHNIAHRDVKPENLLYLTDFGFA,Human,MAPKA,Q16644
MAPKAPK,mitogen-activated protein kinase-activated protein kinase 5,MAPKAPK5,CAMK,2096,149,MAPKAPK5,QKLGAGISGPVRVFALKILKARNEVRLHMMCAPNIVQIIEVLIVMEMMEGGELFHRISQHCHLLNIAHRDLKPENLLFLCDFGFA,Human,MAPKA,Q8IW41
CAMKL,microtubule affinity regulating kinase 1,MARK1,CAMK,2097,125,MARK1,KTIGKGNFAKVKLVAVKIIKLFREVRIMKILNPNIVKLFEVYLVMEYASGGEVFDYLVAYCHQKYIVHRDLKAENLLLIADFGFS,Human,MARK,Q9P0L2
MAST,microtubule associated serine/threonine kinase 2,MAST2,AGC,0,20,MAST2,KLISNGAYGAVFLFAMKKIQAFVERDILTFAEPFVVSMFCSCMVMEYVEGGDCATLLKNYLHNYGIVHRDLKPDNLLILTDFGLS,Human,MAST,Q6P0Q8
STE7,mitogen-activated protein kinase kinase 1,MAP2K1,STE,2062,383,MAP2K1,SELGAGNGGVVFKMARKLIQIIRELQVLHECNPYIVGFYGASICMEHMDGGSLDQVLKKLREKHKIMHRDVKPSNILVLCDFGVS,Human,MEK1,Q02750
STE7,mitogen-activated protein kinase kinase 2,MAP2K2,STE,2063,384,MAP2K2,SELGAGNGGVVTKMARKLIQIIRELQVLHECNPYIVGFYGASICMEHMDGGSLDQVLKELREKHQIMHRDVKPSNILVLCDFGVS,Human,MEK1,P36507
STE7,mitogen-activated protein kinase kinase 5,MAP2K5,STE,2066,388,MAP2K5,DTLGHGNGGTVYKLAVKVIQIMSELEILYKCDSYIIGFYGASICTEFMDGGSL-DVYRKYLWSLKILHRDVKPSNMLVLCDFGVS,Human,MEK5,Q13163
STE7,mitogen-activated protein kinase kinase 6,MAP2K6,STE,2067,386,MAP2K6,MELGRGAYGVVEKMAVKRIRLLMDLDISMRTVPFTVTFYGAWICMELMD-TSLDKFYKQLHSKLSVIHRDVKPSNVLIMCDFGIS,Human,MEK3,P52564
STE11,"mitogen-activated protein kinase kinase kinase 1, E3 ubiquitin protein ligase",MAP3K1,STE,2069,348,MAP3K1,QQIGLGAFSSCYQMAVKQVALREEIRMMSHLNPNIIRMLGANLFIEWMAGGSVAHLLSKYLHENQIIHRDVKGANLLIIADFGAA,Human,MEKK1,Q13233
STE11,mitogen-activated protein kinase kinase kinase 2,MAP3K2,STE,2077,351,MAP3K2,KLLGQGAFGRVYLLAVKQVALECEIQLLKNLLERIVQYYGCSIFMEYMPGGSIKDQLKAYLHSNMIVHRDIKGANILRLGDFGAS,Human,MEKK2,Q9Y2U5
STE11,mitogen-activated protein kinase kinase kinase 3,MAP3K3,STE,2078,350,MAP3K3,KLLGQGAFGRVYLLASKQVALECEIQLLKNLQERIVQYYGCTIFMEYMPGGSVKDQLKAYLHSNMIVHRDIKGANILRLGDFGAS,Human,MEKK2,Q99759
STE11,mitogen-activated protein kinase kinase kinase 4,MAP3K4,STE,2079,352,MAP3K4,NKIGEGQYGKVYTMAMKEIETADELKIFEGIKPNLVRYFGVYIFMEYCDEGTLEEVSRLVLHEHGIVHRDIKGANIFLLGDFGCS,Human,MEKK4,Q9Y6R4
STE11,mitogen-activated protein kinase kinase kinase 5,MAP3K5,STE,2080,345,MAP3K5,VVLGKGTYGIVYAIAIKEIPLHEEIALHKHLKKNIVQYLGSKIFMEQVPGGSLSALLRSYLHDNQIVHRDIKGDNVLIISDFGTS,Human,ASK,Q99683
Axl,"MER proto-oncogene, tyrosine kinase",MERTK,TK,1837,400,MER,KILGEGEFGSVMEVAVKTMEFLSEAACMKDFSPNVIRLLGVMVILPFMKYGDLHTYLLYYLSNRNFLHRDLAARNCMLVADFGLS,Human,,Q12866
Met,"MET proto-oncogene, receptor tyrosine kinase",MET,TK,1815,446,MET,EVIGRGHFGCVYHCAVKSLQFLTEGIIMKDFSPNVLSLLGILVVLPYMKHGDLRNFIRNYLASKKFVHRDLAARNCMLVADFGLA,Human,,P08581
STKR,anti-Mullerian hormone receptor type II,AMHR2,TKL,0,525,MISR2,QVIREGGHAVVWAVAIKAFQFQAERALYELPGDHIVRFITALLVLELHPKGSLCHYLTQGQYKPGIAHRDLSSQNVLIIGDLGLA,Human,Type2,Q16671
STE7,mitogen-activated protein kinase kinase 7,MAP2K7,STE,2068,389,MAP2K7,GEMGSGTCGQVWKIAVKQMRILMDLDVVLKSHPYIVQCFGTFIAMELMGTCAEKLKKRMLKEKHGVIHRDVKPSNILLLCDFGIS,Human,MEK7,O14733
MLCK,myosin light chain kinase,MYLK,CAMK,1552,153,smMLCK,ERLGSGKFGQVFRWAGKFFNIRQEISIMNCLHPKLVQCVDAVMVLEIVSGGELFERIIDYIHKQGIVHLDLKPENIMCLIDFGLA,Human,,Q15746
MLK,mitogen-activated protein kinase kinase kinase 9,MAP3K9,TKL,2084,500,MLK1,EIIGIGGFGKVYRVAVKAANVRQEAKLFAMLKPNIIALRGVCLVMEFARGGPLNRVLSGDEAIVPIIHRDLKSSNILIITDFGLA,Human,MLK,P80192
MLK,mitogen-activated protein kinase kinase kinase 10,MAP3K10,TKL,2070,501,MLK2,EIIGVGGFGKVYRVAVKAAQVCQEARLFGALQPNIIALRGACLVMEYARGGALSRVLAGNDAPVPIIHRDLKSINILIITDFGLA,Human,MLK,Q02779
DYRK,dual specificity tyrosine phosphorylation regulated kinase 1A,DYRK1A,CMGC,2009,227,DYRK1A,SLIGKGSFGQVVKVAIKIIQAQIEVRLLELMNYYIVHLKRHCLVFEMLS-YNLYDLLRNATPELSIIHCDLKPENILLIVDFGSS,Human,DYRK1,Q13627
MAPKAPK,MAP kinase interacting serine/threonine kinase 1,MKNK1,CAMK,2104,152,MNK1,ELLGEGAYAKVQGYAVKIIRVFREVETLYQCQKNILELIEFYLVFEKLQGGSILAHIQKFLHTKGIAHRDLKPENILCICDFDLG,Human,MNK,Q9BUB5
MAPKAPK,MAP kinase interacting serine/threonine kinase 2,MKNK2,CAMK,2105,151,MNK2,DVLGEGAHARVQTYAVKIIRVFREVEMLYQCQRNVLELIEFYLVFEKMRGGSILSHIHKFLHNKGIAHRDLKPENILCICDFDLG,Human,MNK,Q9HBH9
MOS,v-mos Moloney murine sarcoma viral oncogene homolog,MOS,Other,0,276,MOS,QRLGAGGFGSVYKVAIKQVRLASRRSFWAELNDNIVRVVAATIIMEFGGNVTLHQVIYGFLHSQSIVHLDLKPANILIISDFGCS,Human,,P00540
STE7,mitogen-activated protein kinase kinase 3,MAP2K3,STE,2064,385,MAP2K3,SELGRGAYGVVEKMAVKRIRLLMDLDINMRTVFYTVTFYGAWICMELMD-TSLDKFYRKLHSKLSVIHRDVKPSNVLIMCDFGIS,Human,MEK3,P46734
STE7,mitogen-activated protein kinase kinase 4,MAP2K4,STE,2065,387,MAP2K4,GEIGRGAYGSVNKMAVKRIQLLMDLDVVMRSSPYIVQFYGAWICMELMS-TSFDKFYKYLKENLKIIHRDIKPSNILLLCDFGIS,Human,MEK4,P45985
DMPK,CDC42 binding protein kinase beta,CDC42BPB,AGC,1508,7,MRCKb,KVIGRGAFGEVAVYAMKILCFREERDVLVNGDQWITALHYAYLVMDYYVGGDLLTLLSKSIHQLHYVHRDIKPDNVLLLADFGSC,Human,GEK,Q9Y5S2
RSK,ribosomal protein S6 kinase A5,RPS6KA5,AGC,1523,49,MSK1,KVLGTGAYGKVFLYAMKVLHTRTERQVLEHIRPFLVTLHYAHLILDYINGGELFTHLSQHLHKLGIIYRDIKLENILLLTDFGLS,Human,MSK,O75582
RSK,ribosomal protein S6 kinase A4,RPS6KA4,AGC,1524,47,MSK2,KVLGTGAYGKVFLYAMKVLHTRTERSVLELVRPFLVTLHYAHLILDYVSGGEMFTHLYQHLHKLGIIYRDLKLENVLLLTDFGLS,Human,MSK,O75676
STE20,serine/threonine kinase 4,STK4,STE,2225,364,MST1,EKLGEGSYGSVYKVAIKQVEIIKEISIMQQCDPHVVKYYGSWIVMEYCGAGSVSDIIRLYLHFMRKIHRDIKAGNILLLADFGVA,Human,MST,Q13043
STE20,serine/threonine kinase 3,STK3,STE,2219,363,MST2,EKLGEGSYGSVFKVAIKQVEIIKEISIMQQCDPYVVKYYGSWIVMEYCGAGSVSDIIRLYLHFMRKIHRDIKAGNILLLADFGVA,Human,MST,Q13188
STE20,serine/threonine kinase 24,STK24,STE,2217,380,MST3,EKIGKGSFGEVFKVAIKIIDIQQEITVLSQCDPYVTKYYGSWIIMEYLGGGSALDLLEPYLHSEKKIHRDIKAANVLLLADFGVA,Human,YSK,Q9Y6E0
Musk,"muscle, skeletal, receptor tyrosine kinase",MUSK,TK,1847,448,MUSK,RDIGEGAFGRVFQVAVKMLDFQREAALMAEFDPNIVKLLGVCLLFEYMAYGDLNEFLRSYLSERKFVHRDLATRNCLVIADFGLS,Human,,O15146
WEE,"protein kinase, membrane associated tyrosine/threonine 1",PKMYT1,Other,2167,334,MYT1,SRLGHGSYGEVFKYAVKRSRKLAEVGSHEKVGPCCVRLEQAYLQTELC-GPSLQQHCEAHLHSQGLVHLDVKPANIFLLGDFGLL,Human,,Q99640
NDR,serine/threonine kinase 38,STK38,AGC,1517,24,NDR1,KVIGRGAFGEVRLYAMKILHIRAERDILVEADLWVVKMFYSYLIMEFLPGGDMMTLLMKSIHQLGFIHRDIKPDNLLLLSDFGLC,Human,,Q15208
NEK,NIMA related kinase 1,NEK1,Other,2114,281,NEK1,QKIGEGSFGKAILYVIKEIESRREVAVLANMKPNIVQYRESYIVMDYCEGGDLFKRINAHVHDRKILHRDIKSQNIFLLGDFGIA,Human,NEK1,Q96PY6
NEK,NIMA related kinase 2,NEK2,Other,2117,286,NEK2,YTIGTGSYGRCQKLVWKELMLVSEVNLLRELKPNIVRYYDRYIVMEYCEGGDLASVITKSDGGHTVLHRDLKPANVFLLGDFGLA,Human,NEK2,P51955
NEK,NIMA related kinase 3,NEK3,Other,2118,282,NEK3,RMIGEGSFGRALLFAMKEINSRKEAVLLAKMKPNIVAFKESYIVMEYCDGGDLMQKIKQHIHKKRVLHRDIKSKNIFLLGDFGSA,Human,NEK1,P51956
STE-Unique,mitogen-activated protein kinase kinase kinase 14,MAP3K14,STE,2074,391,NIK,LRLGRGSFGEVHRCAVKKVFRAEELMACAGLTPRIVPLYGANIFMELLEGGSLGQLVKEYLHSRRILHGDVKADNVLLLCDFGHA,Human,,Q99558
MAPK,nemo-like kinase,NLK,CMGC,2125,248,NLK,RPIGYGAFGVVWSVALKKMRVFRELKMLCFFKDNVLSALDIYVVTELMQ-SDLHKIIVSYLHSAGILHRDIKPGNLLVICDFGLA,Human,nmo,Q9UBE8
NEK,NIMA related kinase 4,NEK4,Other,2119,287,NEK4,RVVGKGSYGEVTLYVIKKLAAEQEAQLLSQLKPNIVTYKESYIVMGFCEGGDLYRKLKEYLHEKHILHRDLKTQNVFLVGDLGIA,Human,NEK4,P51957
IRAK,interleukin 1 receptor associated kinase 4,IRAK4,TKL,2045,489,IRAK4,NKMGEGGFGVVYKVAVKKLQFDQEIKVMAKCQENLVELLGFCLVYVYMPNGSLLDRLSCFLHENHHIHRDIKSANILLISDFGLA,Human,,Q9NWZ3
VPS15,phosphoinositide-3-kinase regulatory subunit 4,PIK3R4,Other,0,332,PIK3R4,KSLGSTRFFKVARVVVKVFSYKQELEELKIR---LNSAQNCMLFRQYVR-DNLYDRISTQAHKSGVRHGDIKTENVMVLTDFASF,Human,,Q99570
DMPK,Rho associated coiled-coil containing protein kinase 2,ROCK2,AGC,1504,10,ROCK2,KVIGRGAFGEVQLYAMKLLFFWEERDIMAFANPWVVQLFYAYMVMEYMPGGDLVNLMSNAIHSMGLIHRDVKPDNMLLLADFGTC,Human,ROCK,O75116
MAPK,mitogen-activated protein kinase 14,MAPK14,CMGC,1499,249,p38a,SPVGSGAYGSVCAVAVKKLRTYRELRLLKHMKENVIGLLDVYLVTHLMG-ADLNNIVKCYIHSADIIHRDLKPSNLAVILDFGLA,Human,p38,Q16539
RSK,ribosomal protein S6 kinase B1,RPS6KB1,AGC,1525,51,p70S6K,RVLGKGGYGKVFQFAMKVLHTKAERNILEEVKPFIVDLIYAYLILEYLSGGELFMQLERHLHQKGIIYRDLKPENIMLLTDFGLC,Human,p70,P23443
RSK,ribosomal protein S6 kinase B2,RPS6KB2,AGC,1526,52,p70S6Kb,RVLGKGGYGKVFQYAMKVLHTRAERNILESVKPFIVELAYAYLILECLSGGELFTHLERHLHSQGIIYRDLKPENIMLLTDFGLC,Human,p70,Q9UBS0
STE20,p21 protein (Cdc42/Rac)-activated kinase 1,PAK1,STE,2133,367,PAK1,EKIGQGASGTVYTVAIKQMLIINEILVMRENKPNIVNYLDSWVVMEYLAGGSLTDVVTEFLHSNQVIHRDIKSDNILLLTDFGFC,Human,PAKA,Q13153
STE20,p21 protein (Cdc42/Rac)-activated kinase 2,PAK2,STE,2134,368,PAK2,EKIGQGASGTVFTVAIKQILIINEILVMKELKPNIVNFLDSFVVMEYLAGGSLTDVVTEFLHANQVIHRDIKSDNVLLLTDFGFC,Human,PAKA,Q13177
STE20,p21 protein (Cdc42/Rac)-activated kinase 3,PAK3,STE,2135,369,PAK3,EKIGQGASGTVYTVAIKQMLIINEILVMRENKPNIVNYLDSWVVMEYLAGGSLTDVVTEFLHSNQVIHRDIKSDNILLLTDFGFC,Human,PAKA,O75914
PKC,protein kinase C eta,PRKCH,AGC,1487,39,PKCh,RVLGKGSFGKVMLYAVKVLCTMTEKRILSLARPFLTQLFCCFFVMEFVNGGDLMFHIQKFLHDKGIIYRDLKLDNVLLLADFGMC,Human,Eta,P24723
CDK,cyclin-dependent kinase 16,CDK16,CMGC,1969,210,PCTAIRE1,DKLGEGTYATVYKVALKEITAIREVSLLKDLKANIVTLHDITLVFEYLD-KDLKQYLDDYCHRQKVLHRDLKPQNLLILADFGLA,Human,PCTAI,Q00536
CDK,cyclin-dependent kinase 17,CDK17,CMGC,1970,211,PCTAIRE2,EKLGEGTYATVYKVALKEITAIREVSLLKDLKANIVTLHDITLVFEYLD-KDLKQYMDDYCHRRKVLHRDLKPQNLLILADFGLA,Human,PCTAI,Q00537
CDK,cyclin-dependent kinase 18,CDK18,CMGC,1971,212,PCTAIRE3,DKLGEGTYATVFKVALKEITAIREVSLLKNLKANIVTLHDLTLVFEYLD-SDLKQYLDHYCHHRKILHRDLKPQNLLILADFGLA,Human,PCTAI,Q07002
PDGFR,platelet derived growth factor receptor alpha,PDGFRA,TK,1803,452,PDGFRa,RVLGSGAFGKVVEVAVKMLALMSELKIMTHLGLNIVNLLGAYIITEYCFYGDLVNYLHKFLASKNCVHRDLAARNVLLICDFGLA,Human,,P16234
PDGFR,platelet derived growth factor receptor beta,PDGFRB,TK,1804,453,PDGFRb,RTLGSGAFGQVVEVAVKMLALMSELKIMSHLGLNVVNLLGAYIITEYCRYGDLVDYLHRFLASKNCVHRDLAARNVLIICDFGLA,Human,,P09619
PDK1,3-phosphoinositide dependent protein kinase 1,PDPK1,AGC,1519,27,PDK1,KILGEGSFSTVVLYAIKILYVTRERDVMSRLDPFFVKLYFTYFGLSYAKNGELLKYIRKYLHGKGIIHRDLKPENILLITDFGTA,Human,,O15530
PDK1,3-phosphoinositide dependent protein kinase 1,PDPK1,AGC,1519,27,PDK1,KILGEGSFSTVVLYAIKILYVTRERDVMSRLDPFFVKLYFTYFGLSYAKNGELLKYIRKYLHGKGIIHRDLKPENILLITDFGTA,Human,,O15530
PDHK,"[Pyruvate dehydrogenase (acetyl-transferring)] kinase isozyme 2, mitochondrial",PDK2,Atypical,2142,91,PDHK2,,Human,PDHK,Q15119
PDHK,"[Pyruvate dehydrogenase (acetyl-transferring)] kinase isozyme 3, mitochondrial",PDK3,Atypical,2143,92,PDHK3,,Human,PDHK,Q15120
PDHK,"[Pyruvate dehydrogenase (acetyl-transferring)] kinase isozyme 4, mitochondrial",PDK4,Atypical,2144,93,PDHK4,,Human,PDHK,Q16654
PEK,eukaryotic translation initiation factor 2 alpha kinase 3,EIF2AK3,Other,2017,309,PEK,QCLGRGGFGVVFEYAIKRIKVMREVKALAKLEPGIVRYFNAYIQMQLCRKENLKDWMNGFLHSKGLMHRDLKPSNIFFVGDFGLV,Human,PEK,Q9NZJ5
CDK,cyclin-dependent kinase 14,CDK14,CMGC,1967,213,PFTAIRE1,EKLGEGSYATVYKVALKVITAIREASLLKGLKANIVLLHDITLVFEYVH-TDLCQYMDKYIHQRYILHRDLKPQNLLILADFGLA,Human,PFTAI,O94921
PHK,"phosphorylase kinase, gamma 1 (muscle)",PHKG1,CAMK,2145,158,PHKg1,EILGRGVSSVVRRYAVKVIATLKEVDILRKVSPNIIQLKDTFLVFDLMKRGELFDYLTETLHKLNIVHRDLKPENILLLTDFGFS,Human,,Q16816
PHK,"phosphorylase kinase, gamma 2 (testis)",PHKG2,CAMK,2147,159,PHKg2,DVIGRGVSSVVRRFAVKIMATRRETHILRQVAPHIITLIDSFLVFDLMRKGELFDYLTEFLHANNIVHRDLKPENILLLSDFGFS,Human,,P15735
PIM,"Pim-1 proto-oncogene, serine/threonine kinase",PIM1,CAMK,2158,160,PIM1,PLLGSGGFGSVYSVAIKHVRVPMEVVLLKKVSSGVIRLLDWVLILERPEVQDLFDFITEHCHNCGVLHRDIKDENILILIDFGSG,Human,,P11309
PIM,"Pim-2 proto-oncogene, serine/threonine kinase",PIM2,CAMK,2159,161,PIM2,PLLGKGGFGTVFAVAIKVITCPLEVALLWKVGPGVIRLLDWMLVLERPLAQDLFDYITEHCHSRGVVHRDIKDENILILIDFGSG,Human,,Q9P1W9
CDK,cyclin-dependent kinase 10,CDK10,CMGC,0,200,CDK10,NRIGEGTYGIVYRVALKKVSSLREITLLLRLRPNIVELKEVFLVMGYCE-QDLASLLENYLHRNFIIHRDLKVSNLLMTADFGLA,Human,CDK10,Q15131
CDK,cyclin-dependent kinase 9,CDK9,CMGC,1981,207,CDK9,AKIGQGTFGEVFKVALKKVTALREIKILQLLKENVVNLIEIYLVFDFCE-HDLAGLLSNYIHRNKILHRDMKAANVLILADFGLA,Human,CDK9,P50750
CDK,cyclin-dependent kinase 11B,CDK11B,CMGC,1964,215,PITSLRE,NRIEEGTYGVVYRVALKRLTSLREINTILKAQPNIVTVREIYIVMNYVE-HDLKSLMETHLHDNWILHRDLKTSNLLLVGDFGLA,Human,PITSL,P21127
CAMKL,maternal embryonic leucine zipper kinase,MELK,CAMK,2102,128,MELK,ETIGTGGFAKVKLVAIKIMRIKTEIEALKNLRQHICQLYHVFMVLEYCPGGELFDYIISYVHSQGYAHRDLKPENLLFLIDFGLC,Human,MELK,Q14680
DMPK,CDC42 binding protein kinase alpha,CDC42BPA,AGC,1507,6,MRCKa,KVIGRGAFGEVAVFAMKILCFREERDVLVNGDKWITTLHYAYLVMDYYVGGDLLTLLSKSVHQLHYVHRDIKPDNILMLADFGSC,Human,GEK,Q5VT25
PKA,protein kinase cAMP-activated catalytic subunit alpha,PRKACA,AGC,1476,28,PKACa,KTLGTGSFGRVMLYAMKILHTLNEKRILQAVNPFLVKLEFSYMVMEYVPGGEMFSHLRRYLHSLDLIYRDLKPENLLIVTDFGFA,Human,,P17612
PKA,protein kinase cAMP-activated catalytic subunit beta,PRKACB,AGC,1477,29,PKACb,KTLGTGSFGRVMLYAMKILHTLNEKRILQAVNPFLVRLEYAYMVMEYVPGGEMFSHLRRYLHSLDLIYRDLKPENLLIVTDFGFA,Human,,P22694
PKA,protein kinase cAMP-activated catalytic subunit gamma,PRKACG,AGC,1478,30,PKACg,RTLGMGSFGRVMLYAMKILHILNEKRILQAIDPFLVKLQFSYLVMEYVPGGEMFSRLQRYLHSLDLIHRDLKPENLLIVTDFGFA,Human,,P22612
PKC,protein kinase C alpha,PRKCA,AGC,1482,33,PKCa,MVLGKGSFGKVMLYAIKILCTMVEKRVLALLDPFLTQLHSCYFVMEYVNGGDLMYHIQQFLHKRGIIYRDLKLDNVMLIADFGMC,Human,Alpha,P17252
PKC,protein kinase C beta,PRKCB,AGC,1483,34,PKCb,MVLGKGSFGKVMLYAVKILCTMVEKRVLALPGPFLTQLHSCYFVMEYVNGGDLMYHIQQFLQSKGIIYRDLKLDNVMLIADFGMC,Human,Alpha,P05771
PKC,protein kinase C delta,PRKCD,AGC,1485,36,PKCd,KVLGKGSFGKVLLFAIKALCTMVEKRVLTLAAPFLTHLICTFFVMEFLNGGDLMYHIQDFLHSKGIIYRDLKLDNVLLIADFGMC,Human,Delta,Q05655
PKC,protein kinase C epsilon,PRKCE,AGC,1486,38,PKCe,KVLGKGSFGKVMLYAVKVLCTMTEKRILALARPYLTQLYCCFFVMEYVNGGDLMFQIQRFLHQHGVIYRDLKLDNILLLADFGMC,Human,Eta,Q02156
PKC,protein kinase C gamma,PRKCG,AGC,1484,35,PKCg,MVLGKGSFGKVMLYAIKILCTLVEKRVLALGGHFLTQLHSTYFVMEYVTGGDLMYHIQQFLHNQGIIYRDLKLDNVMLITDFGMC,Human,Alpha,P05129
PKC,protein kinase C iota,PRKCI,AGC,1490,40,PKCi,RVIGRGSYAKVLLYAMKVVWVQTEKHVFEQASPFLVGLHSCFFVIEYVNGGDLMFHMQRYLHERGIIYRDLKLDNVLLLTDYGMC,Human,Iota,P41743
PKD,protein kinase D1,PRKD1,CAMK,1489,163,PKD1,EVLGSGQFGIVYGVAIKIIQLRNEVAILQNLHPGVVNLECMFVVMEKLHGDMLEMILSSHLHFKNIVHCDLKPENVLLLCDFGFA,Human,,Q15139
PKC,protein kinase C theta,PRKCQ,AGC,1488,37,PKCt,KMLGKGSFGKVFLFAIKALCTMVEKRVLSLAWPFLTHMFCTFFVMEYLNGGDLMYHIQSFLHSKGIVYRDLKLDNILLIADFGMC,Human,Delta,Q04759
PKC,protein kinase C zeta,PRKCZ,AGC,1491,41,PKCz,RVIGRGSYAKVLLYAMKVVWVQTEKHVFEQASPFLVGLHSCFLVIEYVNGGDLMFHMQRFLHERGIIYRDLKLDNVLLLTDYGMC,Human,Iota,Q05513
PKA,"protein kinase, X-linked",PRKX,AGC,2175,31,PRKX,ATVGTGTFGRVHLFALKVMHVHNEKSVLKEVSPFLIRLFWTYMLMEYVPGGELFSYLRNYLHSKEIVYRDLKPENILLLTDFGFA,Human,,P51817
DYRK,homeodomain interacting protein kinase 3,HIPK3,CMGC,2035,232,HIPK3,DFLGRGTFGQVVKVAIKILQGQIEVSILARLSYNFVRAYECCLVFEMLE-QNLYDFLKQKLKSLGLIHADLKPENIMLVIDFGSA,Human,HIPK,Q9H422
PLK,polo like kinase 1,PLK1,Other,2168,311,PLK1,RFLGKGGFAKCFEFAGKIVKMSMEISIHRSLAQHVVGFHGFFVVLELCRRRSLLELHKRYLHRNRVIHRDLKLGNLFLIGDFGLA,Human,PLK1,P53350
PLK,polo like kinase 3,PLK3,Other,2170,312,PLK3,RLLGKGGFARCYEYAVKVIKILNEIELHRDLQRHIVRFSHHYIFLELCSRKSLAHIWKAYLHQRGILHRDLKLGNFFIVGDFGLA,Human,PLK2,Q9H4B4
PKN,protein kinase N1,PKN1,AGC,1520,44,PKN1,AVLGRGHFGKVLLFAIKALSLMCEKRILAAVTPFLVNLFGCCFVMEYSAGGDLMLHIHSFLHEHKIVYRDLKLDNLLLIADFGLC,Human,,Q16512
PKN,protein kinase N2,PKN2,AGC,1521,45,PKN2,AVLGRGHFGKVLLFAIKALSLMCEKRIFETVNPFLVNLFACCFVMEYAAGGDLMMHIHTYLHEHKIVYRDLKLDNLLLIADFGLC,Human,,Q16513
PKA,"protein kinase, Y-linked, pseudogene",PRKY,AGC,0,32,PRKY,VTMGTGTFGRVHLFALKVMHVHNEKSVLKEVSPFLIRLFWTYMLMEYVPGGELFSYLRNYLHSKEIVYRDLKPENILLLTDFGFA,Human,,O43930
DYRK,pre-mRNA processing factor 4B,PRPF4B,CMGC,2177,236,PRP4,GYTGQGVFSNVVRVAVKIITGLKELEFLKKLNFHCLRLFRHCLVFEPLS-MNLREVLKKLLKRCNILHADIKPDNILVLCDFGSA,Human,PRP4,Q13523
PSK,protein serine kinase H1,PSKH1,CAMK,0,166,PSKH1,ALIGRGSFSRVVRYAIKMIVCESELRVLRRVRANIIQLVEVYMVMELATGGELFDRIIAYLHALGITHRDLKPENLLYITDFGLA,Human,,P11801
RAF,"Raf-1 proto-oncogene, serine/threonine kinase",RAF1,TKL,2184,510,RAF1,TRIGSGSFGTVYKVAVKILAFRNEVAVLRKTRVNILLFMGYAIVTQWCEGSSLYKHLHVYLHAKNIIHRDMKSNNIFLIGDFGLA,Human,RAF,P04049
Ret,ret proto-oncogene,RET,TK,2185,454,RET,KTLGEGEFGKVVKVAVKMLDLLSEFNVLKQVNPHVIKLYGALLIVEYAKYGSLRGFLREYLAEMKLVHRDLAARNILVISDFGLS,Human,,P07949
GRK,G protein-coupled receptor kinase 1,GRK1,AGC,1465,16,RHOK,RVLGKGGFGEVSAYACKKLGAMVEKKILMKVHRFIVSLAYACLVMTIMNGGDIRYHIYNHLHQRRIVYRDLKPENVLLISDLGLA,Human,GRK,Q15835
RIPK,receptor interacting serine/threonine kinase 1,RIPK1,TKL,2189,511,RIPK1,AELDSGGFGKVSLMIMKTVALLEEAKMMNRLRSRVVKLLGVSLVMEYMEKGNLMHVLKAYLHGKGVIHKDLKPENILVIADLGLA,Human,,Q13546
RIPK,receptor interacting serine/threonine kinase 2,RIPK2,TKL,2190,512,RIPK2,RYLSRGASGTVSSVAVKHLDVLREAEILHKARSYILPILGIGIVTEYMPNGSLNELLHRHNMTPPLLHHDLKTQNILLIADFGLS,Human,,O43353
RIPK,receptor interacting serine/threonine kinase 3,RIPK3,TKL,0,513,RIPK3,ELVGKGGFGTVFRVAVKIVAISREVKAMASLDEFVLRLEGVALVTKFMENGSLSGLLQSHDQNPVLLHRDLKPSNVLLLADFGLS,Human,,Q9Y572
DMPK,Rho associated coiled-coil containing protein kinase 1,ROCK1,AGC,1503,9,ROCK1,KVIGRGAFGEVQLYAMKLLFFWEERDIMAFANPWVVQLFYAYMVMEYMPGGDLVNLMSNAIHSMGFIHRDVKPDNMLLLADFGTC,Human,ROCK,Q13464
Met,macrophage stimulating 1 receptor,MST1R,TK,1816,447,RON,RVIGKGHFGVVYHCAIKSLAFLREGLLMRGLNPNVLALIGIHVLLPYMCHGDLLQFIRSYLAEQKFVHRDLAARNCMLVADFGLA,Human,,Q04912
Ror,receptor tyrosine kinase-like orphan receptor 1,ROR1,TK,0,455,ROR1,EELGECAFGKIYKVAIKTLEFQQEASLMAELHPNIVCLLGACMLFEYINQGDLHEFLIMYLSSHFFVHKDLAARNILIISDLGLS,Human,,Q01973
Ror,receptor tyrosine kinase-like orphan receptor 2,ROR2,TK,0,456,ROR2,EELGEDRFGKVYKVAIKTLEFRHEAMLRARLQPNVVCLLGVSMIFSYCSHGDLHEFLVMYLSSHHVVHKDLATRNVLVISDLGLF,Human,,Q01974
Sev,"ROS proto-oncogene 1 , receptor tyrosine kinase",ROS1,TK,1840,458,ROS,LLLGSGAFGEVYEVAVKTLEFLKEAHLMSKFNPNILKQLGVYIILELMEGGDLLTYLRKYLERMHFIHRDLAARNCLVIGDFGLA,Human,,P08922
RSK,ribosomal protein S6 kinase A2,RPS6KA2,AGC,1529,53,RSK1,KVLGQGSYGKVFLYAMKVLRSKMERDILAEVNPFIVKLHYAYLILDFLRGGDLFTRLSKHLHSLGIIYRDLKPENILLITDFGLS,Human,RSK,Q15349
RSK,ribosomal protein S6 kinase A3,RPS6KA3,AGC,1528,55,RSK2,KVLGQGSFGKVFLYAMKVLRTKMERDILVEVNPFIVKLHYAYLILDFLRGGDLFTRLSKHLHSLGIIYRDLKPENILLLTDFGLS,Human,RSK,P51812
RSK,ribosomal protein S6 kinase A1,RPS6KA1,AGC,1527,54,RSK3,KVLGQGSFGKVFLYAMKVLRTKMERDILADVNPFVVKLHYAYLILDFLRGGDLFTRLSKHLHSLGIIYRDLKPENILLLTDFGLS,Human,RSK,Q15418
Ryk,receptor-like tyrosine kinase,RYK,TK,0,457,RYK,DVLQEGTFGRIFHAFVKTVMMLTESCKLRGLHRNLLPITHVMVILPYMNWGNLKLFLRQYLARREVIHKDLAARNCVIITDNALS,Human,,P34925
PLK,polo like kinase 4,PLK4,Other,2171,314,PLK4,NLLGKGSFAGVYRVAIKMIRVQNEVKIHCQLKPSILELYNYYLVLEMCHNGEMNRYLKNYLHSHGILHRDLTLSNLLLIADFGLA,Human,SAK,O00444
MAPK,mitogen-activated protein kinase 11,MAPK11,CMGC,1500,250,p38b,RPVGSGAYGSVCSVAVKKLRTYRELRLLKHLKENVIGLLDVYLVTTLMG-ADLNNIVKCYIHSAGIIHRDLKPSNVAVILDFGLA,Human,p38,Q15759
MAPK,mitogen-activated protein kinase 12,MAPK12,CMGC,1501,252,p38g,QPVGSGAYGAVCSVAIKKLRAYRELRLLKHMRENVIGLLDVYLVMPFMG-TDLGKLMKHYIHAAGIIHRDLKPGNLAVILDFGLA,Human,p38,P53778
MAPK,mitogen-activated protein kinase 13,MAPK13,CMGC,1502,251,p38d,THVGSGAYGSVCSVAIKKLRAYRELLLLKHMQENVIGLLDVYLVMPFMQ-TDLQKIMGMYIHSAGVVHRDLKPGNLAVILDFGLA,Human,p38,O15264
MAST,microtubule associated serine/threonine kinase 1,MAST1,AGC,1510,18,MAST1,KLISNGAYGAVYLFAMKKIQAFVERDILTFAEPFVVGMFCSCMVMEYVEGGDCATLLKNYLHNYGIVHRDLKPDNLLILTDFGLS,Human,MAST,Q9Y2H9
SGK,serum/glucocorticoid regulated kinase 1,SGK1,AGC,1534,64,SGK1,KVIGKGSFGKVLLYAVKVLHIMSERNVLLKNVPFLVGLHFSYFVLDYINGGELFYHLQRYLHSLNIVYRDLKPENILLLTDFGLC,Human,,O00141
STE20,STE20 like kinase,SLK,STE,2200,374,SLK,GELGDGAFGKVYKAAAKVIDYMVEIDILASCDPNIVKLLDAWILIEFCAGGAVDAVMLEYLHDNKIIHRDLKAGNILFLADFGVS,Human,SLK,Q9H2G2
PLK,polo like kinase 2,PLK2,Other,2169,313,PLK2,KVLGKGGFAKCYEYAAKIIKIDKEIELHRILHKHVVQFYHYYILLEYCSRRSMAHILKAYLHEQEILHRDLKLGNFFIVGDFGLA,Human,PLK2,Q9NYY3
MLK,mitogen-activated protein kinase kinase kinase 11,MAP3K11,TKL,2071,502,MLK3,EVIGIGGFGKVYRVAVKAASVRQEARLFAMLAPNIIALKAVCLVMEYAAGGPLSRALAGCEALVPVIHRDLKSNNILLITDFGLA,Human,MLK,Q16584
Src,"SRC proto-oncogene, non-receptor tyrosine kinase",SRC,TK,2206,462,SRC,VKLGQGCFGEVWMVAIKTLAFLQEAQVMKKLREKLVQLYAVYIVTEYMSKGSLLDFLKGYVERMNYVHRDLRAANILVVADFGLA,Human,SrcA,P12931
SRPK,SRSF protein kinase 1,SRPK1,CMGC,2208,256,SRPK1,RKLGWGHFSTVWLVAMKVVTALDEIRLLKSVREMVVQLLDDCMVFEVLG-HHLLKWIIKLHTKCRIIHTDIKPENILLIADLGNA,Human,,Q96SB4
SRPK,SRSF protein kinase 2,SRPK2,CMGC,2209,257,SRPK2,RKLGWGHFSTVWLVAMKVVTALDEIKLLKCVRDMVVQLIDDCMVFEVLG-HHLLKWIIKLHSKCKIIHTDIKPENILMIADLGNA,Human,,P78362
CDKL,cyclin dependent kinase like 5,CDKL5,CMGC,0,216,CDKL5,GVVGEGAYGVVLKVAIKKFTTLRELKMLRTLKENIVELKEAYLVFEYVE-KNMLELLEEWCHKNDIVHRDIKPENLLILCDFGFA,Human,,O76039
STE20,TAO kinase 2,TAOK2,STE,2234,377,TAO2,REIGHGSFGAVYFVAIKKMDIIKEVRFLQKLRPNTIQYRGCWLVMEYCLGSASDLLEVHYLHSHNMIHRDVKAGNILLLGDFGSA,Human,TAO,Q9UL54
Syk,spleen tyrosine kinase,SYK,TK,2230,470,SYK,KELGSGNFGTVKKVAVKILELLAEANVMQQLDPYIVRMIGIMLVMEMAELGPLNKYLQQYLEESNFVHRDLAARNVLLISDFGLS,Human,,P43405
STE11,Mitogen-activated protein kinase kinase kinase 15,MAP3K15,STE,2075,347,MAP3K7,VVLGKGTYGIVYAIAIKEIPLHEEIALHKYLKRNIVQYLGSKIFMEQVPGGSLSALLRSYLHENQIVHRDIKGDNVLVISDFGTS,Human,ASK,Q6ZN16
STKR,bone morphogenetic protein receptor type II,BMPR2,TKL,1794,526,BMPR2,ELIGRGRYGAVYKVAVKVFNFINEKNIYRVPLDNIARFIVGLLVMEYYPNGSLCKYLSLDHYKPAISHRDLNSRNVLVISDFGLS,Human,Type2,Q13873
Tec,tec protein tyrosine kinase,TEC,TK,2238,475,TEC,RELGSGLFGVVRLVAIKAIDFIEEAKVMMKLTPKLVQLYGVYIVTEFMERGCLLNFLRQYLERNSFIHRDLAARNCLVVSDFGMA,Human,,P42680
Tie,TEK receptor tyrosine kinase,TEK,TK,1842,477,TIE2,DVIGEGNFGQVLKAAIKRMDFAGELEVLCKLGPNIINLLGAYLAIEYAPHGNLLDFLRKYLSQKQFIHRDLAARNILVIADFGLS,Human,,Q02763
LISK,testis-specific kinase 1,TESK1,TKL,2239,492,TESK1,EKIGAGFFSEVYKMVLKMNNTLREVQLMNRLRPNILRFMGVHALTEYMNGGTLEQLLSSYLHSKGVFHRDLTSKNCLVVGDFGLA,Human,TESK,Q15569
STKR,transforming growth factor beta receptor II,TGFBR2,TKL,1795,527,TGFbR2,TLVGKGRFAEVYKVAVKIFSWKTEKDIFSDINENILQFLTAWLITAFHAKGNLQEYLTRGRPKMPIVHRDLKSSNILVLCDFGLS,Human,Type2,P37173
Tie,tyrosine kinase with immunoglobulin like and EGF like domains 1,TIE1,TK,1841,478,TIE1,DLIGEGNFGQVIRAAIKMLDFAGELEVLCKLGPNIINLLGAYIAIEYAPYGNLLDFLRKYLSEKQFIHRDLAARNVLVIADFGLS,Human,,P35590
MLCK,titin,TTN,CAMK,0,154,TTN,EDLGRGEFGIVHRYMAKFVLVKKEISILNIARRNILHLHESVMIFEFISGLDIFERINTFLHSHNIGHFDIRPENIIYIIEFGQA,Human,,Q8WZ42
TLK,tousled like kinase 1,TLK1,Other,2242,323,TLK1,HLLGRGGFSEVYKAAVKIHHACREYRIHKELDPRIVKLYDYCTVLEYCEGNDLDFYLKQNEIKPPIIHYDLKPGNILLITDFGLS,Human,,Q9UKI8
TLK,tousled like kinase 2,TLK2,Other,2243,324,TLK2,HLLGRGGFSEVYKVAVKIHHACREYRIHKELDPRIVKLYDYCTVLEYCEGNDLDFYLKQNEIKPPIIHYDLKPGNILLITDFGLS,Human,,Q86UE8
Ack,"tyrosine kinase, non-receptor, 1",TNK1,TK,2245,395,TNK1,ELLGSGCFGVVHRVAVKSLDFLREVSVMMNLEPHVLRLHGLQMVMELAPLGSLHARLTAYLGARGLVHRDLATRNLLLVADFGLV,Human,,Q13470
Trio,trio Rho guanine nucleotide exchange factor,TRIO,CAMK,0,177,Trio,AELGRGRFSVVKKVATKFVQVTHELGILQSLQPLLVGLLDTILVLEMADQGRLLDCVVRYLHNCRIAHLDLKPENILVLADFGDA,Human,,O75962
Trk,"neurotrophic tyrosine kinase, receptor, type 1",NTRK1,TK,1817,480,TRKA,WELGEGAFGKVFLVAVKALDFQREAELLTMLQQHIVRFFGVLMVFEYMRHGDLNRFLRSYLAGLHFVHRDLATRNCLVIGDFGMS,Human,,P04629
Trk,"neurotrophic tyrosine kinase, receptor, type 2",NTRK2,TK,1818,481,TRKB,RELGEGAFGKVFLVAVKTLDFHREAELLTNLQEHIVKFYGVIMVFEYMKHGDLNKFLRAYLASQHFVHRDLATRNCLVIGDFGMS,Human,,Q16620
Trk,"neurotrophic tyrosine kinase, receptor, type 3",NTRK3,TK,1819,482,TRKC,RELGEGAFGKVFLVAVKALDFQREAELLTNLQEHIVKFYGVIMVFEYMKHGDLNKFLRAYLASQHFVHRDLATRNCLVIGDFGMS,Human,,Q16288
PIKK,Transformation/transcription domain-associated protein,TRRAP,Atypical,2256,99,TRRAP,VQKHNTAARRLYIYLVMNDESRREERVLQLLRFFTVPRVVAMRLVEDNPVEIYKQRCAKAEFV--LHLNRLNPEMLQITIGVSGP,Human,TRRAP,Q9Y4A5
TTK,TTK protein kinase,TTK,Other,2264,326,TTK,KQIGSGGSSKVFQYAIKYVSYRNEIAYLNKLQDKIIRLYDYYMVMECGN-IDLNSWLKKTIHQHGIVHSDLKPANFLILIDFGIA,Human,,P33981
Tec,TXK tyrosine kinase,TXK,TK,2268,476,TXK,KEIGSGQFGVVHLVAIKAIDFIEEAKVMMKLSSKLVQLYGVYIVTEFMENGCLLNYLREYLERNGYIHRDLAARNCLVISDFGMT,Human,,P42681
JakA,tyrosine kinase 2,TYK2,TK,2269,441,TYK2,RDLGEGHFGKVSLVAVKALGWKQEIDILRTLYEHIIKYKGCQLVMEYVPLGSLRDYLPRYLHAQHYIHRDLAARNVLLIGDFGLA,Human,,P29597
Axl,TYRO3 protein tyrosine kinase,TYRO3,TK,1836,399,TYRO3,RMLGKGEFGSVREVAVKMLEFLREAACMKEFDPHVAKLVGVMVILPFMKHGDLHAFLLAYLSSRNFIHRDLAARNCMLVADFGLS,Human,,Q06418
ULK,unc-51 like autophagy activating kinase 1,ULK1,Other,2271,328,ULK1,DLIGHGAFAVVFKVAVKCILLGKEIKILKELKENIVALYDFYLVMEYCNGGDLADYLHALLHSKGIIHRDLKPQNILLIADFGFA,Human,ULK,O75385
ULK,unc-51 like autophagy activating kinase 2,ULK2,Other,2272,329,ULK2,DLVGHGAFAVVFRVAIKSILLGKEIKILKELQENIVALYDVFLVMEYCNGGDLADYLQAILHSKGIIHRDLKPQNILLIADFGFA,Human,ULK,Q8IYT8
VRK,vaccinia related kinase 1,VRK1,CK1,2275,193,VRK1,LPIGQGGFGCIYLCVVKVEPLFTELKFYQRAALGVPKYWGSFMIMDRFG-SDLQKIYEAYIHEHEYVHGDIKASNLLLLVDYGLA,Human,,Q99986
VRK,vaccinia related kinase 2,VRK2,CK1,2276,194,VRK2,KKIGSGGFGLIYLHVVKVEPLFSELKFYQRVALGIPLFYGSFMVMERLG-IDLQKISGQYIHENEYVHGDIKAANLLLLADYGLS,Human,,Q86Y07
WEE,WEE1 G2 checkpoint kinase,WEE1,Other,2278,333,Wee1,EKIGSGEFGSVFKYAIKRSNALREVYAHAVLGSHVVRYFSALIQNEYCNGGSLADAISEYIHSMSLVHMDIKPSNIFIIGDLGHV,Human,,P30291
Src,"YES proto-oncogene 1, Src family tyrosine kinase",YES1,TK,2284,463,YES,VKLGQGCFGEVWMVAIKTLAFLQEAQIMKKLRDKLVPLYAVYIVTEFMSKGSLLDFLKEYIERMNYIHRDLRAANILVIADFGLA,Human,SrcA,P07947
STE20,serine/threonine kinase 25,STK25,STE,2218,381,YSK1,DRIGKGSFGEVYKVAIKIIDIQQEITVLSQCDPYITRYFGSWIIMEYLGGGSALDLLKPYLHSERKIHRDIKAANVLLLADFGVA,Human,YSK,O00506
Syk,zeta chain of T cell receptor associated protein kinase 70kDa,ZAP70,TK,2285,471,ZAP70,IELGCGNFGSVRQVAIKVLEMMREAQIMHQLDPYIVRLIGVMLVMEMAGGGPLHKFLVGYLEEKNFVHRDLAARNVLLISDFGLS,Human,,P43403
MLK,mitogen-activated protein kinase kinase kinase 13,MAP3K13,TKL,2073,499,LZK,QWLGSGAQGAVFLVAIKKVQNETDIKHLRKLKPNIIAFKGVCIIMEYCAHGQLYEVLRAYLHLHKIIHRDLKSPNVLVISDFGTS,Human,LZK,O43283
DDR,discoidin domain receptor tyrosine kinase 1,DDR1,TK,1843,404,DDR1,EKLGEGQFGEVHLVAVKILDFLKEVKIMSRLKPNIIRLLGVCMITDYMENGDLNQFLSAYLATLNFVHRDLATRNCLVIADFGMS,Human,,Q08345
ABC1,Uncharacterized aarF domain-containing protein kinase 1,ADCK1,Atypical,1925,72,ADCK1,TPLGTASLAQVHKVAVKVQDFLNEGRNAEKVSLKVPRIHWDERVLLMEFGQVNDRDYMEFVNG--FVHCDPHPGNVLVLLDHGLY,Human,ABC1-,Q86TW2
VEGFR,kinase insert domain receptor,KDR,TK,1813,485,KDR,KPLGRGAFGQVIEVAVKMLALMSELKILIHIGLNVVNLLGAMVIVEFCKFGNLSTYLRSFLASRKCIHRDLAARNILLICDFGLA,Human,,P35968
STKR,activin A receptor type IC,ACVR1C,TKL,0,522,ALK7,EIVGKGRFGEVWHVAVKIFSWFREAEIYQTVMENILGFIAAWLVSEYHEQGSLYDYLNRTQGKPAIAHRDIKSKNILVIADLGLA,Human,Type1,Q8NER5
Aur,aurora kinase B,AURKB,Other,1937,261,AurB,RPLGKGKFGNVYLVALKVLQLRREIEIQAHLHPNILRLYNYYLILEYAPRGELYKELQKYCHGKKVIHRDIKPENLLLIADFGWS,Human,,Q96GD4
Aur,aurora kinase A,AURKA,Other,1936,259,AurA,RPLGKGKFGNVYLLALKVLQLRREVEIQSHLRPNILRLYGYYLILEYAPLGTVYRELQKYCHSKRVIHRDIKPENLLLIADFGWS,Human,,O14965
MAPK,mitogen-activated protein kinase 7,MAPK7,CMGC,2093,243,Erk5,ETIGNGAYGVVSSVAIKKIRTLRELKILKHFKDNIIAIKDIYVVLDLME-SDLHQIIHSYMHSAQVIHRDLKPSNLLVIGDFGMA,Human,ERK5,Q13164
BUB,BUB1 mitotic checkpoint serine/threonine kinase,BUB1,Other,1949,262,BUB1,HLLGEGAFAQVYEFVLKVQIGTQLMERLKPSMHMFMKFYSAVLVGELYSYGTLLNAINLQVHDCEIIHGDIKPDNFILLIDLGQS,Human,,O43683
DDR,discoidin domain receptor tyrosine kinase 2,DDR2,TK,1844,405,DDR2,EKLGEGQFGEVHLVAVKMLDFLKEIKIMSRLKPNIIHLLAVCMITEYMENGDLNQFLSRYLSSLNFVHRDLATRNCLVIADFGMS,Human,,Q16832
CCK4,protein tyrosine kinase 7 (inactive),PTK7,TK,0,401,CCK4,TTLGKSEFGEVFLVLVKSLDFRRELEMFGKLNANVVRLLGLYMVLEYVDLGDLKQFLRIHLSNNRFVHKDLAARNCLVVSALGLS,Human,,Q13308
LISK,LIM domain kinase 1,LIMK1,TKL,2054,490,LIMK1,EVLGKGCFGQAIKMVMKELTFLKEVKVMRCLEPNVLKFIGVNFITEYIKGGTLRGIIKSYLHSMNIIHRDLNSHNCLVVADFGLA,Human,LIMK,P53667
Lmr,apoptosis-associated tyrosine kinase,AATK,TK,0,443,LMR1,KEIGRGWFGKVFLVVVKELQFLEEVQPYRALKSNLLQCLAQLLVMEFCPLGDLKGYLRSHLHRNNFVHSDLALRNCLLIGDYGLA,Human,,Q6ZMQ8
Lmr,lemur tyrosine kinase 2,LMTK2,TK,0,444,LMR2,QEIGNGWFGKVLLVIVKELTFLKNGEPYYILQPNILQCVGQLLVFEFCDLGDLKAYLRSAMHKLHFLHSDLALRNCFLVGDYGIG,Human,,Q8IWU2
Lmr,lemur tyrosine kinase 3,LMTK3,TK,0,445,LMR3,QEIGSGWFGKVILVVVKELKFISEAQPYRSLQPNVLQCLGLLLIMEFCQLGDLKRYLRAHLHSHNYVHSDLALRNCLLIGDYGLA,Human,,Q96Q04
Eph,EPH receptor A7,EPHA7,TK,1827,415,EphA7,RVIGAGEFGEVCSVAIKTLDFLCEASIMGQFDPNVVHLEGVMIVIEFMENGALDAFLRKYLADMGYVHRDLAARNILVVSDFGLS,Human,,Q15375
Tec,BMX non-receptor tyrosine kinase,BMX,TK,1942,472,BMX,KELGSGQFGVVQLVAVKMIEFFQEAQTMMKLSPKLVKFYGVYIVTEYISNGCLLNYLRSFLESHQFIHRDLAARNCLVVSDFGMT,Human,,P51813
Csk,megakaryocyte-associated tyrosine kinase,MATK,TK,2101,403,CTK,AQIGEGEFGAVLQVAVKNIAFLDETAVMTKMQENLVRLLGVYIVMEHVSKGNLVNFLRTYLESKKLVHRDLAARNILVVSDFGLA,Human,,P42679
Src,fyn-related Src family tyrosine kinase,FRK,TK,2025,459,FRK,KRLGSGQFGEVWEVAVKTLDFLREAQIMKNLRPKLIQLYAVYIITELMRHGSLQEYLQNYLESRNYIHRDLAARNVLVVADFGLA,Human,Frk,P42685
NEK,NIMA related kinase 6,NEK6,Other,2121,288,NEK6,KKIGRGQFSEVYKVALKKVDCVKEIGLLKQLNPNIIKYLDSNIVLELADAGDLSQMIKYHMHSRRVMHRDIKPANVFILGDLGLG,Human,NEK6,Q9HC98
NEK,NIMA related kinase 7,NEK7,Other,2122,289,NEK7,KKIGRGQFSEVYRVALKKVDCIKEIDLLKQLNPNVIKYYASNIVLELADAGDLSRMIKHHMHSRRVMHRDIKPANVFILGDLGLG,Human,NEK6,Q8TDX7
NAK,AP2 associated kinase 1,AAK1,Other,1921,277,AAK1,EVLAEGGFAIVFLCALKRMVCKREIQIMRDLSKNIVGYIDSLILMDFCRGGQVVNLMNQHQCKTPIIHRDLKVENILLLCDFGSA,Human,BIKE,Q2M2I8
Alpha,Transient receptor potential cation channel subfamily M member 7,TRPM7,Atypical,499,78,ChaK1,,Human,ChaK,Q96QT4
FAK,protein tyrosine kinase 2 beta,PTK2B,TK,2181,424,PYK2,RILGEGFFGEVYEVAVKTCKFMSEAVIMKNLDPHIVKLIGIWIIMELYPYGELGHYLERYLESINCVHRDIAVRNILVLGDFGLS,Human,,Q14289
Src,src-related kinase lacking C-terminal regulatory tyrosine and N-terminal myristylation sites,SRMS,TK,2207,469,SRM,RKLGEGYFGEVWEVAIKVIDLAKEIQTLKGLRERLIRLHAVYIVTELMRKGNLQAFLGTYLEEQRVVHRDLAARNVLVVADFGLA,Human,SRM,Q9H3Y6
STE20,serine/threonine kinase 10,STK10,STE,2211,373,LOK,GELGDGAFGKVYKAAAKVIDYIVEIEILATCDPYIVKLLGAWIMIEFCPGGAVDAIMLEFLHSKRIIHRDLKAGNVLMLADFGVS,Human,SLK,O94804
STE20,mitogen-activated protein kinase kinase kinase kinase 3,MAP4K3,STE,2087,356,KHS2,QRIGSGTYGDVYKAAIKVIVVQQEIIMMKDCKPNIVAYFGSWICMEFCGGGSLQDIYHVYLHSKGKMHRDIKGANILLLADFGVS,Human,KHS,Q8IVH8
STE20,oxidative stress responsive 1,OXSR1,STE,2132,353,OSR1,EVIGSGATAVVQAVAIKRIELLKEIQAMSQCHPNIVSYYTSWLVMKLLSGGSVLDIIKHYLHKNGQIHRDVKAGNILLIADFGVS,Human,FRAY,O95747
STE20,p21 protein (Cdc42/Rac)-activated kinase 6,PAK6,STE,2137,371,PAK6,VKIGEGSTGIVCLVAVKMMLLFNEVVIMRDYQFNVVEMYKSWVLMEFLQGGALTDIVSQYLHAQGVIHRDIKSDSILLLSDFGFC,Human,PAKB,Q9NQU5
STE20,p21 protein (Cdc42/Rac)-activated kinase 4,PAK4,STE,2136,370,PAK4,IKIGEGSTGIVCIVAVKKMLLFNEVVIMRDYQENVVEMYNSWVVMEFLEGGALTDIVTHVLHAQGVIHRDIKSDSILLLSDFGFC,Human,PAKB,O96013
STE20,serine/threonine protein kinase 26,STK26,STE,2287,382,MST4,ERIGKGSFGEVFKVAIKIIDIQQEITVLSQCDSYVTKYYGSWIIMEYLGGGSALDLLRAYLHSEKKIHRDIKAANVLLLADFGVA,Human,YSK,Q9P289
STE20,serine/threonine kinase 39,STK39,STE,2224,354,STLK3,EVIGSGATAVVQAVAIKRIELLKEIQAMSQCSPNVVTYYTSWLVMKLLSGGSMLDIIKYYLHRNGQIHRDLKAGNILLIADFGVS,Human,FRAY,Q9UEW8
STE20,STE20-related kinase adaptor alpha,STRADA,STE,0,376,STLK5,TVIGKGFEDLMTVVTVRRIFLQGELHVSKLFNPNIVPYRATWVVTSFMAYGSAKDLICTYIHHMGYVHRSVKASHILILSGLRSN,Human,STLK,Q7RTN6
STE20,STE20-related kinase adaptor beta,STRADB,STE,0,375,STLK6,VEIGRGFDNLTSVVTIKITALQKAVILSHFFRPNITTYWTVWVISPFMAYGSASQLLRTYLHQNGCIHRSIKASHILILSGLSHL,Human,STLK,Q9C0K7
STE20,TAO kinase 3,TAOK3,STE,2235,378,TAO3,HEIGHGSFGAVYFVAIKKMDILKEVKFLRQLKPNTIEYKGCWLVMEYCLGSASDLLEVHYLHSHALIHRDIKAGNILLLADFGSA,Human,TAO,Q9H2K8
STE20,TAO kinase 1,TAOK1,STE,2233,379,TAO1,REIGHGSFGAVYFVAIKKMDIIKEVKFLQRIKPNSIEYKGCWLVMEYCLGSASDLLEVHYLHSHTMIHRDIKAGNILLLADFGSA,Human,TAO,Q7L7X3
STE20,mitogen-activated protein kinase kinase kinase kinase 4,MAP4K4,STE,2088,359,HGK,EVVGNGTYGQVYKAAIKVMEIKLEINMLKKYSRNIATYYGAWLVMEFCGAGSITDLVKNHLHIHHVIHRDIKGQNVLLLVDFGVS,Human,MSN,O95819
STE20,TRAF2 and NCK interacting kinase,TNIK,STE,2244,360,TNIK,ELVGNGTYGQVYKAAIKVMEIKQEINMLKKYSRNIATYYGAWLVMEFCGAGSVTDLIKNHLHQHKVIHRDIKGQNVLLLVDFGVS,Human,MSN,Q9UKE5
STE20,misshapen-like kinase 1,MINK1,STE,2103,362,MINK,EVVGNGTYGQVYKAAIKVMEIKQEINMLKKYSRNIATYYGAWLVMEFCGAGSVTDLVKNHLHAHKVIHRDIKGQNVLLLVDFGVS,Human,MSN,Q8N4C8
STE20,Nik related kinase,NRK,STE,0,361,NRK,KTIGLGTYGRIYLTAVKVMDLRTELNLLRKYSKNIVSFYGAWMVMELCAAGSVTDVVRMHLHAHRVIHRDIKGQNVLLLVDFGVS,Human,MSN,Q7Z2Y5
NDR,large tumor suppressor kinase 1,LATS1,AGC,1515,23,LATS1,KTLGIGAFGEVCLYATKTLHVKAERDILAEADEWVVRLYYSYFVMDYIPGGDMMSLLIRSVHKMGFIHRDIKPDNILILTDFGLC,Human,,O95835
NDR,large tumor suppressor kinase 2,LATS2,AGC,1516,26,LATS2,KTLGIGAFGEVCLYAMKTLHVKAERDILAEADEWVVKLYYSYFVMDYIPGGDMMSLLIRSVHKMGFIHRDIKPDNILILTDFGLC,Human,,Q9NRM7
CDK,cyclin-dependent kinase 19,CDK19,CMGC,1972,206,CDK11,CKVGRGTYGHVYKYALKQISACREIALLRELKPNVIALQKVWLLFDYAE-HDLWHIIKFYLHANWVLHRDLKPANILVIADMGFA,Human,CDK8,Q9BWU1
CAMKL,NIM1 serine/threonine protein kinase,NIM1K,CAMK,2291,129,NIM1,GEIGSGNFSQVKLVAIKILLLSREISSMEKLHPNIIRLYEVHLVMEYAGGGELFGKISTHMHENQIIHRDLKAENVFYVGDFGFS,Human,NIM1,Q8IY84
ULK,unc-51 like kinase 3,ULK3,Other,2273,330,ULK3,ERLGSGTYATVYKVAIKCVNLLTEIEILKGIRPHIVQLKDFYLIMEFCAGGDLSRFIHTFLHERNISHLDLKPQNILLLADFGFA,Human,ULK,Q6PHR2
NKF4,PDLIM1 interacting kinase 1 like,PDIK1L,Other,0,299,CLIK1L,REVGRGSYGVVYEVAVKKILALREFWALSSIKPNVIHLEECLQLVETSLKGEIAFDPRSFLHKNQIIHRDLKPDNILIVADFGLS,Human,,Q8N165
TTBK,tau tubulin kinase 2,TTBK2,CK1,0,192,TTBK2,RKIGGGGFGEIYDVALKVEVLKMEVAVLKKLQDHVCRFIGCYVVMQLQG-RNLADLRRSSIHSVGFLHRDIKPSNFAMMLDFGLA,Human,,Q6IQ55
SCY1,SCY1 like pseudokinase 1,SCYL1,Other,0,317,SCYL1,--------WALHRVSIFVYVAKAAFKRFKTLRPNILAYIDGHVVTEAV--TPLGIYLKALVNDCSLIHNNVCMAAVFVLGGLDYM,Human,,Q96KG9
MAST,microtubule associated serine/threonine kinase like,MASTL,AGC,0,22,MASTL,KPISRGAFGKVYLYAVKVVQVQAERDALALSKPFIVHLYYSYLVMEYLIGGDVKSLLHIYLHRHGIIHRDLKPDNMLILTDFGLS,Human,MASTL,Q96GX5
NKF2,PTEN induced putative kinase 1,PINK1,Other,0,295,PINK1,QSIGKGCSAAVYELAIKMMGSSSEAILNTMSQPNIIRVLRALPGALVDYPDVLPSRLHPHLVQQGIAHRDLKSDNILVIADFGCC,Human,,Q9BXM7
ULK,unc-51 like kinase 4,ULK4,Other,0,331,ULK4,EEIGRGSKTVVYKVAILCTEITNWVRLTREIKKNIVTFHEWWLVVELCTGGSLKTVIAQHLHKLGILFCDISPRKILLFSNFCLA,Human,ULK,Q96C45
TKL-Unique,mixed lineage kinase domain-like,MLKL,TKL,0,528,MLKL,ILLRENEVSTLYKVAIKVFTFNKEIKTMKKFEPNILRIFGISIVMEYCELGTLRELLDRHHSEAPELHGKIRSSNFLVLAGFELR,Human,,Q8NB16
DCAMKL,doublecortin like kinase 3,DCLK3,CAMK,2007,146,DCLK3,RVIGDGNFAVVKEYAMKIIMVDSEILIIQSLSPNIVKLHEVYLILEYVQGGDLFDAIIEHMHDKSIVHRDLKPENLLVLADFGLA,Human,,Q9C098
SgK493,"protein kinase domain containing, cytoplasmic",PKDCC,Other,0,319,SgK493,QYMGSGYTKAVYRVALKAVKLLKEMVLLERLRPNVLQLYGYDTLTTITELGAPVEMIQLHSPLGSVTLLDFRPRQFVLVTDLDDA,Human,,Q504Y2
CDK,cyclin-dependent kinase 15,CDK15,CMGC,1968,214,PFTAIRE2,EKLGEGSYATVYKVALKVITAIREASLLKGLKANIVLLHDITFVFEYMH-TDLAQYMSQYIHHQHVLHRDLKPQNLLILADFGLA,Human,PFTAI,Q96Q40
CAMK-Unique,serine/threonine kinase 33,STK33,CAMK,2221,137,STK33,RILGKGSFGIVIEWAIKKVLLEREVNILKSVKEHIIHLEQVYLVMELCEDGELKEILDRYLHNNDIVHRDLKLENIMVVTDFGLA,Human,,Q9BYT3
Bud32,TP53 regulating kinase,TP53RK,Other,0,264,PRPK,ELVKQGAEARVFRAVIKHRRTVQEARALLRCRAGISAPVVFCLYMEEIE-GSVTVRDYIRMHDEDLIHGDLTTSNMLLLIDFGLS,Human,,Q96S44
MAPK,mitogen-activated protein kinase 15,MAPK15,CMGC,2090,244,Erk7,RQLGQGAYGIVWKVAIKKIRTFREITLLQEFGPNIISLLDVYLVFEFMD-TDLNAVIRKFLHSGHVVHRDQKPSNVLLLCDFGLA,Human,ERK7,Q8TD08
CDKL,cyclin dependent kinase like 4,CDKL4,CMGC,1985,220,CDKL4,AKTGEGSYGVVFKVAVKKFIALREIRMLKQLKPNLVNLIEVHLVFEYCD-HTLLNELERFCHIHNCIHRDIKPENILIICDFGFA,Human,,Q5MAI5
SCY1,SCY1 like pseudokinase 3,SCYL3,Other,0,316,SCYL3,---------AVYPASVFVYKVNKAAKHLKTLRPCLLRFLSCHLVTERV--QPLEVALETLHDRGHLTHNNVCLSSVFVLGGMETV,Human,,Q8IZE3
YANK,serine/threonine kinase 32C,STK32C,AGC,1539,69,YANK3,RAIGKGSFGKVCIYAMKYMNVFRELEILQEIEVFLVNLWYSFMVVDLLLGGDLRYHLQQYLRGQHIIHRDVKPDNILLLTDFNIA,Human,,Q86UX6
NEK,NIMA related kinase 9,NEK9,Other,2124,290,NEK9,RVLGRGAFGEATLVVWKEVDALNEIVILALLQDNIIAYYNHLIELEYCNGGNLYDKILRCIHKAGILHRDIKTLNIFLLGDYGLA,Human,NEK8,Q8TD19
TSSK,testis specific serine kinase 3,TSSK3,CAMK,0,180,TSSK3,KTIGEGTYSKVKEVAIKVIFLPRELQIVRTLDKNIIQVYEMCLVMELAEGGDVFDCVLNYCHGCGVAHRDLKCENALLLTDFGFA,Human,,Q96PN8
CAMKL,"NUAK family, SNF1-like kinase, 2",NUAK2,CAMK,2130,131,NuaK2,ETLGKGTYGKVKKVAIKSIHIRREIEIMSSLNPHIIAIHEVVIVMEYASRGDLYDYISEYCHQNRVVHRDLKLENILLIADFGLS,Human,NuaK,Q9H093
RSKL,ribosomal protein S6 kinase like 1,RPS6KL1,AGC,0,62,RSKL2,QLRGCRVVGVIEKFVVKSLMVSRERLTIIPHGPYMTKLLRYFLHLEHVQGGTLWSHLLSALHEQGVLCRDLHPGNLLLLTYFGQW,Human,,Q9Y6S9
TSSK,testis specific serine kinase 2,TSSK2,CAMK,2258,179,TSSK2,INLGKGSYAKVKSVAVKIIFLPREMDILATVNGSIIKTYEIYIIMELGVQGDLLEFIKCYCHDLDIVHRDLKCENLLLLSDFGFS,Human,,Q96PF2
SCY1,SCY1 like pseudokinase 2,SCYL2,Other,0,315,SCYL2,RHIASGGNGLAWKVAVFVFSLKRGVQQLTRLRPRLLTVQHPAFCTEPVF-ASLANVLGNLHSSVKMVHGNITPENIILIMGFDFC,Human,,Q6P3W7
NEK,NIMA related kinase 8,NEK8,Other,2123,291,NEK8,RVVGRGAFGIVHLVIIKQIAAQNECQVLKLLNPNVIEYYENMIAMEYAPGGTLAEFIQKHVHTHLILHRDLKTQNILLIGDFGIS,Human,NEK8,Q86SG6
,,,,,,ADRBK2,,,,
NRBP,nuclear receptor binding protein 1,NRBP1,Other,0,301,NRBP1,EEVNQRNVPGIDSVVWNEVKVRAVFDNLIQLELNIVKFHKYIFITEYMSSGSLKQFLKKHSCDPPIIHGNLTCDTIFIIGSVAPD,Human,,Q9UHY1
PKD,protein kinase D2,PRKD2,CAMK,2173,165,PKD2,EVLGSGQFGVVYGVAVKVIQLRNEVAILQSLRPGIVNLECMFVVMEKLHGDMLEMILSSHLHFKNIVHCDLKPENVLLLCDFGFA,Human,,Q9BZL6
YANK,serine/threonine kinase 32B,STK32B,AGC,1538,67,YANK2,RAIGKGSFGKVCIYAMKYMNVFRELQIMQGLEPFLVNLWYSFMVVDLLLGGDLRYHLQQYLQRYHIIHRDIKPDNILLITDFNIA,Human,,Q9NY57
CAMKK,"calcium/calmodulin-dependent protein kinase kinase 2, beta",CAMKK2,Other,1957,265,CaMKK2,DEIGKGSYGVVKLYAMKVLQVYQEIAILKKLDPNVVKLVEVYMVFELVNQGPVMEVPTLYLHYQKIIHRDIKPSNLLVIADFGVS,Human,Meta,Q96RR4
CDK,cyclin-dependent kinase 20,CDK20,CMGC,0,196,CCRK,GRIGEGAHGIVFKVALKKVQALREIKALQEMEQYVVQLKAVVLAFEFML-SDLAEVVRHFCHANNIVHRDLKPANLLIIADFGLA,Human,CCRK,Q8IZL9
CLK,CDC like kinase 4,CLK4,CMGC,1993,226,CLK4,DTLGEGAFGKVVEVAVKIVAARSEIQVLEHLNFRCVQMLEWCIVFELLG-LSTYDFIKEFLHHNKLTHTDLKPENILFVVDFGSA,Human,,Q9HAZ1
CDK,cyclin-dependent kinase 12,CDK12,CMGC,0,209,CRK7,GIIGEGTYGQVYKVALKKVTAIREIKILRQLIRSVVNMKEIYLVFEYMD-HDLMGLLESYCHKKNFLHRDIKCSNILLLADFGLA,Human,CRK7,Q9NYV4
DAPK,serine/threonine kinase 17a,STK17A,CAMK,2214,144,DRAK1,RELGRGKFAVVRKFAAKFMEIIHEIAVLELAQPWVINLHEVILVLEYAAGGEIFDQCVAFLHTRDVVHLDLKPQNILLIVDFGLS,Human,DRAK,Q9UEE5
DAPK,serine/threonine kinase 17b,STK17B,CAMK,2215,143,DRAK2,KELGRGKFAVVRQYAAKFLEILHEIAVLELAKPRVINLHEVILILEYAAGGEIFSLCLPYLHQNNIVHLDLKPQNILLIVDFGMS,Human,DRAK,O94768
DYRK,dual specificity tyrosine phosphorylation regulated kinase 3,DYRK3,CMGC,2012,229,DYRK3,KIIGKGSFGQVARVALKMVQAAEEIRILEHLKMNVIHMLESCMAFELLS-IDLYELIKKALHKNKIIHCDLKPENILLVIDFGSS,Human,DYRK2,O43781
PKD,protein kinase D3,PRKD3,CAMK,2174,164,PKD3,EVLGSGQFGIVYGVAIKVIQLRNEVAILQNLHPGIVNLECMFVVMEKLHGDMLEMILSSNLHFKNIVHCDLKPENVLLLCDFGFA,Human,,O94806
PEK,eukaryotic translation initiation factor 2 alpha kinase 4,EIF2AK4,Other,2018,306,GCN2,QLLGKGAFGAVIKYAVKRIRIKGEVTLLSRLHENIVRYYNALDSVEAAAPPPILSSSVEYIHEKGMIHRDLKPVNIFLIGDFGLA,Human,GCN2,Q9P2K8
SgK495,serine/threonine kinase 40,STK40,CAMK,0,169,SgK495,-------------------------------------------------NLQHYVIKEKALHQKNIVHRDLKLGNMVLITNFCLG,Human,,Q8N2I9
NKF4,serine/threonine kinase 35,STK35,Other,2222,298,CLIK1,AEIGRGSYGVVYEVAVKKILALAEFWALTSLKGNKSSQLYLGYAEEPCYLWFVMEFCEGFLHKNHIVHRDLKPDNILIVADFGLS,Human,,Q8TDR2
MLK,TNNI3 interacting kinase,TNNI3K,TKL,2247,496,HH498,EIIGSGSFGKVYKVAIKRYMFCREVSILCQLNPCVIQFVGAAIVTQYISGGSLFSLLHEHNLTQPIIHRDLNSHNILLVADFGES,Human,HH498,Q59H18
DYRK,homeodomain interacting protein kinase 2,HIPK2,CMGC,2034,233,HIPK2,EFLGRGTFGQVVKVAIKILQGQIEVSILARLSYNFVRAYECCLVFEMLE-QNLYDFLKQKLKSLGLIHADLKPENIMLVIDFGSA,Human,HIPK,Q9H2X6
PEK,eukaryotic translation initiation factor 2 alpha kinase 1,EIF2AK1,Other,2015,308,HRI,AILGKGGYGRVYKYAIKKIKVLREVKVLAGLQPNIVGYHTALSDQEEDREQCGVKNDESYIHNMGIVHRDLKPRNIFLIGDFGLA,Human,HRI,Q9BQI3
RCK,intestinal cell (MAK-like) kinase,ICK,CMGC,2038,255,ICK,RQLGDGTYGSVLLIAIKKMMNLREVKSLKKLNANVVKLKEVYFIFEYMK-ENLYQLIKEFIHKHGFFHRDLKPENLLCIADFGLA,Human,,Q9UPZ9
IRE,endoplasmic reticulum to nucleus signaling 2,ERN2,Other,0,274,IRE2,DVLGRGAGGTFVFVAVKRLLVRREVQLLQESDPNVLRYFCTYIALELCRA-SLQEYVENHLHSLHIVHRDLKPGNILILSDFGLC,Human,,Q76MJ5
CAMKL,PAS domain containing serine/threonine kinase,PASK,CAMK,2139,132,PASK,SPLGSGAFGFVWTVVVKFIKVTLEIAILSRVEANIIKVLDIQLVMEKHGSGLDLFAFIDYLRLKDIIHRDIKDENIVILIDFGSA,Human,PASK,Q96RG2
NDR,serine/threonine kinase 38 like,STK38L,AGC,1518,25,NDR2,KVIGRGAFGEVRLYAMKILHIRAERDILVEADAWVVKMFYSYLIMEFLPGGDMMTLLMKAIHQLGFIHRDIKPDNLLLLSDFGLC,Human,,Q9Y2H1
CAMKL,SIK family kinase 3,SIK3,CAMK,2199,134,QSK,RTIGKGNFAVVKRVAIKIIKIFREVQIMKMLCPHIIRLYQVYLVTEYASGGEIFDHLVAFCHCRNIVHRDLKAENLLLIADFGFS,Human,QIK,Q9Y2K2
CAMKL,hormonally up-regulated Neu-associated kinase,HUNK,CAMK,2037,122,HUNK,RKLGEGSFAKVREVAIKVINLRREGQIQQMIRPNITQLLDIYLVMELCPGGNLMHKIYEHLHRAGVVHRDLKIENLLLLIDFGLS,Human,HUNK,P57058
STE11,mitogen-activated protein kinase kinase kinase 6,MAP3K6,STE,2081,346,MAP3K6,LVLGKGTYGVVYAIAIKEIPLHEEIALHRRLRKNIVRYLGSKIFMEEVPGGSLSSLLRSYLHDNHIVHRDIKGDNVLIISDFGTS,Human,ASK,O95382
RCK,MOK protein kinase,MOK,CMGC,0,254,MOK,GKIGEGTFSEVMKYACKQMNNLREIQALRRLNPNILMLHEVALICELMD-MNIYELIRGHIHRNGIFHRDVKPENILILGDFGSC,Human,,Q9UQ07
NAK,serine/threonine kinase 16,STK16,Other,2213,280,MPSK1,QKLGEGGFSYVDLYALKRIEAQREADMHRLFNPNILRLVAYWLLLPFFKRGTLWNEIERAIHAKGYAHRDLKPTNILLLMDLGSM,Human,MPSK,O75716
SRPK,SRSF protein kinase 3,SRPK3,CMGC,2210,258,MSSK1,RKLGWGHFSTVWLVALKVVTAVDEIKLLKCVRETIVQLIDDCMVLEVLG-HQLLKWIIKLHTKCKIIHTDIKPENILLIADLGNA,Human,,Q9UPE1
WNK,WNK lysine deficient protein kinase 1,WNK1,Other,2280,336,Wnk1,IEIGRGSFKTVYKVAWCELRFKEEAEMLKGLQPNIVRFYDSVLVTELMTSGTLKTYLKRHTRTPPIIHRDLKCDNIFIIGDLGLA,Human,,Q9H4A3
CDKL,cyclin dependent kinase like 3,CDKL3,CMGC,1984,219,CDKL3,GKVGEGSYGTVMKVAIKIFIAMREIKFLKQFHENLVNLIEVHLVFEFID-HTVLDELQHYLHSNNIIHRDIKPENILVLCDFGFA,Human,,Q8IVW4
,,,,,,PAK7,,,,
PKN,protein kinase N3,PKN3,AGC,0,46,PKN3,AVLGRGHFGKVLLYAIKALSLYCEKRILEAVGPFLLSLLACCFVTEFVPGGDLMMQIHEFLHEKKIIYRDLKLDNLLLIADFGLC,Human,,Q6P5Z2
CAMKL,salt inducible kinase 2,SIK2,CAMK,2198,133,QIK,GTLGKGNFAVVKLVAIKIIKIYREVQIMKMLDPHIIKLYQVYLVTEYAKNGEIFDYLANYCHGRKIVHRDLKAENLLLIADFGFG,Human,QIK,Q9H0K1
CAMKL,microtubule affinity regulating kinase 4,MARK4,CAMK,2100,127,MARK4,RTIGKGNFAKVKLVAIKIIKLFREVRIMKGLNPNIVKLFEVYLVMEYASAGEVFDYLVSYCHQKNIVHRDLKAENLLLIADFGFS,Human,MARK,Q96L34
SgK496,dual serine/threonine and tyrosine protein kinase,DSTYK,Other,2008,320,SgK496,QELGRGQYGVVYLCALKSVDLALEFHYMRSLPERLVDLHGSLLIMERLH-RDLYTGLKAFLHSQGLVHRDIKLKNVLLITDLGFC,Human,,Q6XUX3
RSKL,ribosomal protein S6 kinase C1,RPS6KC1,AGC,0,61,RSKL1,-------------GANEYILLFTDQTDDLAKETSLFQRDSEHQIFEDLD-KKLALASRFALHREGIVCRDLNPNNILLLTYFSRW,Human,,Q96S38
RSK,ribosomal protein S6 kinase A6,RPS6KA6,AGC,1530,56,RSK4,KVLGQGSFGKVFLYAMKVLRTKMERDILVEVNPFIVKLHYAYLILDFLRGGDVFTRLSKHLHQLGIVYRDLKPENILLLTDFGLS,Human,RSK,Q9UK32
NRBP,nuclear receptor binding protein 2,NRBP2,Other,0,302,NRBP2,EQVNQGNMPGLQSVWNELHKIQTVFEQLVLVDPNIVKLHKYIFITEYVSSGSLKQFLKKHACSPPIIHGNLTSDTIFIIGSVWHR,Human,,Q9NSY0
SgK071,serine/threonine kinase-like domain containing 1,STKLD1,Other,0,318,SgK071,YQLNPGALGVNLVHVIKQVQALEELMPLLKLRAHISVYQELCLVMEFNE-LSFQEVIEDYLHHLDIIHRNLKPSNIILLQDLSSN,Human,,Q8NE28
SGK,serum/glucocorticoid regulated kinase 2,SGK2,AGC,1535,65,SGK2,KVIGKGNYGKVLLYAVKVLHIMAERSVLLKNVPFLVGLRYSYFVLDYVNGGELFFHLQRYLHSLNIIYRDLKPENILLLTDFGLC,Human,,Q9HBY8
TSSK,testis specific serine kinase 6,TSSK6,CAMK,0,182,SSTK,RTIGEGSYSKVKVVAIKVVFLPRELSILRGVRPHIVHVFEFYIVMEAAA-TDLLQAVQRYLHDHHLVHRDLKCENVLLLTDFGFG,Human,,Q9BXA6
SGK,serum/glucocorticoid regulated kinase family member 3,SGK3,AGC,1536,66,SGK3,KVIGKGSFGKVLLYAVKVLHIMAERNVLLKNVPFLVGLHYSYFVLDFVNGGELFFHLQRYLHSIKIVYRDLKPENILLLTDFGLC,Human,,Q96BR1
TTBK,tau tubulin kinase 1,TTBK1,CK1,0,191,TTBK1,KKIGGGGFGEIYEVALKVEVLKMEVAVLKKLQDHVCRFIGCYVVMQLQG-RNLADLRRSAIHSVGFLHRDIKPSNFAMMLDFGLA,Human,,Q5TCY1
DCAMKL,doublecortin like kinase 2,DCLK2,CAMK,2006,147,DCLK2,KVIGDGNFAVVKEFALKIILIENEVSILRRVKPNIIMLVEEFLVMELVKGGDLFDAITSYLHGLSIVHRDIKPENLLVLGDFGLA,Human,,Q8N568
Slob,PX domain containing serine/threonine kinase like,PXK,Other,0,321,Slob,KDIGWRIRKKYFLLVLSWADFQCLIKLLPSCLPYIYRVTFALLIRMFNEKGTLKDLIYKFLHDKGFPYGHLHASNVMLLLDLE--,Human,,Q7Z7A4
TOPK,PDZ binding kinase,PBK,Other,2140,325,PBK,QKLGFGTGVNVYLWAVKKIRLMDEAKILKSLHPNIVGYRAFCLAMEYGGEKSLNDLIEELHQEKKLLHGDIKSSNVVIICDVGVS,Human,,Q96KB5
TK-Unique,serine/threonine/tyrosine kinase 1,STYK1,TK,0,479,SuRTK106,EQICSGSCGPIFRVILKALDFLGRIQFHQYLGKNLVQLEGCYMVLEDVAQGDLLSFLWTFLQEKHLFHGDVAARNILMLCGLGLA,Human,,Q6J9G0
IKK,TANK-binding kinase 1,TBK1,Other,2237,272,TBK1,DILGQGATANVFRFAIKVFVQMREFEVLKKLNKNIVKLFAIVLIMEFCPCGSLYTVLEEHLRENGIVHRDIKPGNIMRLTDFGAA,Human,,Q9UHD2
LISK,testis-specific kinase 2,TESK2,TKL,0,493,TESK2,EKIGSGFFSEVFKMALKMNNMLKEVQLMNRLSPNILRFMGVHALTEYINSGNLEQLLDSYLHFKGIFHRDLTSKNCLIVADFGLA,Human,TESK,Q96S53
Trio,"kalirin, RhoGEF kinase",KALRN,CAMK,0,178,Trad,NEIGRGRFSIVKKVAVKFVQAAHEAALLQHLQPQYITLHDTILILELMDDGRLLDYLMNYLHNCRVAHLDIKPENLLILIDLEDA,Human,,O60229
TSSK,testis specific serine kinase 4,TSSK4,CAMK,0,183,TSSK4,KAIGHGSYGSVYEVAVKIIFLPREIQVMKVLRKYLINFYRAYIILELAQGGDVLEWIQRYLHSKSIVHRDLKLENLLLISDFGFA,Human,,Q6SA08
VRK,vaccinia related kinase 3,VRK3,CK1,0,195,VRK3,SFQTRDNQGILYEFSLKLDLQVNKWKKLYSTPLAIPTCMGFFLVLPSLG-RSLQSALDVFLHENEYVHGNVTAENIFVLAGYGFA,Human,,Q8IV63
MLCK,myosin light chain kinase 3,MYLK3,CAMK,2110,156,caMLCK,EVLGGGRFGQVHRLAAKIIDVKNEINIMNQLSVNLIQLYDATLVMEYVDGGELFDRITDYLHQHYILHLDLKPENILCIIDFGLA,Human,,Q32MK0
Trio,SPEG complex locus,SPEG,CAMK,0,175,SPEG,QEIGRGAFSYLRRFAAKFISARREARLLARLQDCVLYFHEAVIVTELCT-EELLERIARYLHQSHVLHLDVKPENLLVICDFGNA,Human,,Q15772
CK1,casein kinase 1 alpha 1 like,CSNK1A1L,CK1,1996,185,CK1a2,RKIGSGSFGDVYLVAVKLEQLLYESKLYTILQVGIPHMHWYVLVMDLLG-PSLEDLFNFYVHTKNFLHRDIKPDNFLMLIDFGLA,Human,CK1-A,Q8N752
RIPK,receptor interacting serine/threonine kinase 4,RIPK4,TKL,2192,514,ANKRD3,EKVGSGGFGQVYKLAIKCSELLEEAKKMEMAKRYILPVYGIGLVMEYMETGSLEKLLASHCMAPPLLHLDLKPANILLISDFGLA,Human,,P57078
NEK,NIMA related kinase 5,NEK5,Other,2120,283,NEK5,KAIGQGAFGKAYLCVIKEIASKKEVILLEKMKPNIVAFFNSFIVMEYCDGGDLMKRINRHIHDRKILHRDIKAQNIFLLGDFGIA,Human,NEK1,Q6P3R8
CAMK1,calcium/calmodulin dependent protein kinase ID,CAMK1D,CAMK,1953,110,CaMK1d,ETLGTGAFSEVVLFAVKCISIENEIAVLRKIKENIVALEDIYLVMQLVSGGELFDRIVEYLHRMGIVHRDLKPENLLYISDFGLS,Human,,Q8IU85
STE11,mitogen-activated protein kinase kinase kinase 19,MAP3K19,STE,2076,349,MAP3K8,EILGKGAYGTVYCIAVKQVKLQEEVDLLKALKVNIVAYLGTSIFMEFVPGGSISSIINRYLHENCVVHRDIKGNNVMLLIDFGCA,Human,MEKK1,Q56UN5
NEK,NIMA related kinase 11,NEK11,Other,2116,285,NEK11,QKLGSGSFGTVYLKVLKEIQANLEAQLLSKLDPAIVKFHASCIITEYCEGRDLDDKIQEYMHERRILHRDLKSKNVFLIGDFGVS,Human,NEK11,Q8NG66
GRK,G protein-coupled receptor kinase 7,GRK7,AGC,1471,17,GPRK7,RVLGKGGFGEVCAYACKKLMALLEKEILEKVSPFIVSLAYACLVMSLMNGGDLKFHIYNHLHELGIVYRDMKPENVLLLSDLGLA,Human,GRK,Q8WTQ7
NKF1,SH3 domain binding kinase family member 2,SBK2,Other,0,293,SgK069,RPLGQGCYGRVLLLALKQLGFLYEFCVGLSLGSAIVTAYGISFLTEPVLHGDLMAFIQPYIHARGLVYRDLKPENVLVLTDFGHT,Human,,P0C263
DYRK,homeodomain interacting protein kinase 4,HIPK4,CMGC,2036,234,HIPK4,EVLGKGTFGEVAKVAIKILIIKNELKLLHCMRPEEAHVIRFYLVFELLE-QNLFEFQKERLKELAIIHADLKPENIMLVIDFGSA,Human,HIPK,Q8NE63
STE20,myosin IIIB,MYO3B,STE,2113,366,MYO3B,ETIGKGTYGKVYKAAVKILEIEAEYNILQFLPPNVVKFYGMWLVLELCNGGSVTELVKGHLHNNRIIHRDVKGNNILLLVDFGVS,Human,NinaC,Q8WXR4
WNK,WNK lysine deficient protein kinase 4,WNK4,Other,0,337,Wnk4,IEIGRGSFKTVYRVAWCELRFSEEVEMLKGLQPNIVRFYDSVLVTELMTSGTLKTYLRRHSRVPPILHRDLKCDNVFIIGDLGLA,Human,,Q96J92
NKF1,SH3 domain binding kinase family member 3,SBK3,Other,2290,294,SgK110,RKLGSGSYGRVLLVALKLLTFLREFCVGRCVSPGLLQTLAGAFAQEYAPCGDLSGMLQEFLHSRGLVHADVKPDNVLVLGDLGLT,Human,,P0C264
CAMKL,BR serine/threonine kinase 1,BRSK1,CAMK,1946,120,BRSK1,KTLGKGQTGLVKLVAIKIVKVEREIAILKLIEPHVLKLHDVYLVLEHVSGGELFDYLVKFCHSYSICHRDLKPENLLLIADFGMA,Human,BRSK,Q8TDC3
Trio,"obscurin, cytoskeletal calmodulin and titin-interacting RhoGEF",OBSCN,CAMK,0,173,Obscn,EEIGRGVFGFVKRCAAKFIQAYRERDILAALSPLVTGLLDQILILELCSSEELLDRLYRYLHSHGVLHLDIKPSNILMICDFGFA,Human,,Q5VST9
PSK,protein serine kinase H2,PSKH2,CAMK,0,167,PSKH2,ALIGTGSFSRVVRFAIKVMACVSELSVLRRVSRYIVQLMEIYMVMELATGGELFDRLIAYLHALQITHRNLKPENLLYITDFGLA,Human,,Q96QS6
CAMKL,salt inducible kinase 1,SIK1,CAMK,2197,135,SIK,RTLGKGNFAVVKLVAIKIIKIYREVQLMKLLNPHIIKLYQVYIVTEFAKNGEMFDYLTSYCHDHHIVHRDLKTENLLLLADFGFG,Human,QIK,P57059
RAF,kinase suppressor of ras 2,KSR2,TKL,0,507,KSR2,ELIGKGRFGQVYHVAIRLIAFKREVMAYRQTRENVVLFMGAAIITSLCKGRTLYSVVRDYLHAKGILHKDLKSKNVFYITDFGLF,Human,KSR,Q6VAB6
RIO,Serine/threonine-protein kinase RIO3,RIOK3,Atypical,2188,102,RIOK3,GCISTGKESVVFHCAIKVFWAEKEMHNLARMQIPCPTVVLLILVMSFIGAPKLKEVKLNLYHECTLVHADLSEYNMLWLIDVSQS,Human,RIO3,O14730
ABC1,"Atypical kinase COQ8A, mitochondrial",COQ8A,Atypical,1927,70,ADCK3,RPFAAASIGQVHLVAMKIQDYQREAACARKFRFYVPEIVDEVLTTELVSGFPLDQAEGLELFEFNFMQTDPNWSNFFYLLDFGAT,Human,ABC1-,Q8NI60
RIO,Serine/threonine-protein kinase RIO1,RIOK1,Atypical,2186,100,RIOK1,GCISTGKEANVYHRAIKIYWAEKEMRNLIRLNIPCPEPIMLVLVMSFIGAPLLKNVQLSMYQDARLVHADLSEFNMLYIIDVSQS,Human,RIO1,Q9BRS2
YANK,serine/threonine kinase 32A,STK32A,AGC,1537,68,YANK1,RAIGKGSFGKVCIYAMKYMNVFKELQIMQGLEPFLVNLWYSFMVVDLLLGGDLRYHLQQYLQNQRIIHRDMKPDNILLITDFNIA,Human,,Q8WU08
CAMKL,SNF related kinase,SNRK,CAMK,2202,136,SNRK,KTLGRGHFAVVKLVAVKVIHLFQEVRCMKLVQPNIVRLYEVYLILELGDGGDMFDYIMKYCHKLHVVHRDLKPENVVFLTDFGFS,Human,SNRK,Q9NRH2
Eph,EPH receptor A10,EPHA10,TK,0,422,EphA10,RSLGGGRFGELCCVAVHMLGFLAEALTLGQFDSHIVRLEGVMIVTEYMSHGALDGFLRRYLSEMGYVHRGLAARHVLVISGFGRG,Human,,Q5JZY3
Other-Unique,protein-O-mannose kinase,POMK,Other,0,305,SgK196,KRVGEGAVKRVFLVALSQLDFLHGLQMLKSLQTHVVTLLGYTMLTEYHPLGSLSNLEETYLHHSPVGTRVMCDSNDLPANDLDAL,Human,,Q9H5K3
STE20,myosin IIIA,MYO3A,STE,2112,365,MYO3A,ETIGKGTYGKVFKAAVKILEIEAEYNILKALSPNVVRFYGIWLVLELCSGGSVTDLVKGHLHNNKTIHRDVKGNNILLLVDFGVS,Human,NinaC,Q8NEV4
WNK,WNK lysine deficient protein kinase 3,WNK3,Other,2282,338,Wnk3,IELGRGAFKTVYKVAWCELRFKEEAEMLKGLQPNIVRFYDSVLVTELMTSGTLKTYLKRHTRTPPIIHRDLKCDNIFIIGDLGLA,Human,,Q9BYP7
NEK,NIMA related kinase 10,NEK10,Other,0,284,NEK10,DHLGSGAFGCVYKLAMKEVNIVSELTIIKEQLPNIVRYYKTYIVMELIEGAPLGEHFSSLHKEKRIVHRDLTPNNIMLVTDFGLA,Human,NEK10,Q6ZWH5
Eph,EPH receptor A6,EPHA6,TK,1826,423,EphA6,RVIGAGEFGEVCSVAIKTLDFLREASIMGQFDPNIIRLEGVAIGVEAFCPSFLRAGFLNYLSDMGYVHRDLAARNILVVSDFGLS,Human,,Q9UF33
CK1,casein kinase 1 gamma 1,CSNK1G1,CK1,1999,190,CK1g1,KKIGCGNFGELRLVAIKLEQLHLEYRFYKQLGEGLPQVYYFAMVLELLG-PSLEDLFDLYVHSKNLIYRDVKPENFLIIIDFGLA,Human,CK1-G,Q9HCP0
NKF3,pseudopodium enriched atypical kinase 1,PEAK1,Other,0,296,SgK269,KPCCEAGDAVYYTYAVKICSKAKESQQYYHSLFNIQQDCGHPDDPEKDEDDMEETEEDAHLKPYHVTHCDLRLENLLLVSNFSQA,Human,,Q9H792
NKF1,SH3 domain binding kinase 1,SBK1,Other,2193,292,SBK,RELGKGTYGKVDLMALKFVNFLREVSITNSLSPFIIKVFDVVFAQEYAPAGDLFDIIPPFMHGRQLVHRDIKPENVLLLADFGMT,Human,,Q52WX2
Other-Unique,serine/threonine kinase 31,STK31,Other,2220,304,SgK396,EPMKELSSKRPLVILLKGYAKVIERAATYHRAEAEGDSGLLYLMVPYYPRANLNAVQANTLHKADIIHGSLHQNNVFAVGDFDFT,Human,,Q9BXU1
RIPK,ankyrin repeat and kinase domain containing 1,ANKK1,TKL,1932,515,SgK288,RLVASGGFSQVFQYAIKCAYLIEEAAKMKKIKQHIVSIYGVGIVMEFMANGSLEKVLSTHSIKPPLLHLDLKPGNILLISDFGLS,Human,,Q8NFD2
KIS,U2AF homology motif (UHM) kinase 1,UHMK1,Other,0,275,KIS,SRLGSGSSASVYRGALKQFGFRKERAALEQLQRNIVTLYGVCLLLELLD-VSVSELLLYFLHHEGYVHADLKPRNILWLIDFGLS,Human,,Q8TAS1
CAMK1,pregnancy up-regulated nonubiquitous CaM kinase,PNCK,CAMK,2172,112,CaMK1b,ERLGSGAFSEVVLVALKCILVENEIAVLRRISPNIVALEDVYLAMELVTGGELFDRIMEYLHSLGIVHRDLKPENLLYVSDFGLS,Human,,Q6P2M8
TBCK,TBC1 domain containing kinase,TBCK,Other,0,322,TBCK,-------------LPHDVCKILGRFQILKTITPRLCQYVDIVVVAEHCE-RSLEDLLREYMNKHGIVHRALSPHNILLLAKFGLY,Human,,Q8TEA7
PIKK,Serine/threonine-protein kinase SMG1,SMG1,Atypical,2201,98,SMG1,LPTKTKPKKLLFLYLFKGLDLHLDERIMQFLSFHARHYSVTSGLIQWVDATPLFGLYKRVGYI--IGLGDRHLDNVLIHIDYNVC,Human,SMG1,Q96Q15
MLCK,myosin light chain kinase 2,MYLK2,CAMK,1553,155,skMLCK,EALGGGKFGAVCTLAAKVIMVLLEIEVMNQLNRNLIQLYAAVLFMEYIEGGELFERIVDFMHKMRVLHLDLKPENILCIIDFGLA,Human,,Q9H1R3
STE11,Mitogen-activated protein kinase kinase kinase 15,MAP3K15,STE,2075,347,MAP3K7,VVLGKGTYGIVYAIAIKEIPLHEEIALHKYLKRNIVQYLGSKIFMEQVPGGSLSALLRSYLHENQIVHRDIKGDNVLVISDFGTS,Human,ASK,Q6ZN16
LRRK,leucine-rich repeat kinase 2,LRRK2,TKL,2059,495,LRRK2,ADHGDGSFGSVYRVAVKIFLLRQELVVLCHLHPSLISLLAAMLVMELASKGSLDRLLQQYLHSAMIIYRDLKPHNVLLIADYGIA,Human,,Q5S007
,,,,,,GSG2,,,,
Trbl,tribbles pseudokinase 3,TRIB3,CAMK,0,172,Trb3,VLLEPEEGGRAYQYTCKVYALAVLEPYARLPPKHVARPTEVYAFFTRTH-GDMHSLVRSHCHQHGLVLRDLKLCRFVFLVLENLE,Human,,Q96RU7
DMPK,citron rho-interacting serine/threonine kinase,CIT,AGC,1509,4,CRIK,SLVGCGHFAEVQVYAMKVMFFEEERNILSRSTPWIPQLQYAYLVMEYQPGGDLLSLLNRSVHLMGYVHRDIKPENILVLVDFGSA,Human,CRIK,O14578
CAMKK,"calcium/calmodulin-dependent protein kinase kinase 1, alpha",CAMKK1,Other,1956,266,CaMKK1,DAYLQGAYGVVRLYAMKVLRVYQEIAILKKLDVNVVKLIEVLYLFDLLRKGPVMEVPCDYLHCQKIVHRDIKPSNLLLIADFGVS,Human,Meta,Q8N5S9
LRRK,leucine-rich repeat kinase 1,LRRK1,TKL,0,494,LRRK1,SVLGQGGSGTVIYVAVKRFEFRQEASMLHALQPCIVALIGICFALELAPLSSLNTVLSEYLHKKNIIFCDLKSDNILVLSDYGIS,Human,,Q38SD2
NKF5,testis expressed 14,TEX14,Other,0,300,SgK307,-------------VTVKELLLIAEQEHSSKLRPYLLQLMAVRLVYERITIGTLFSVLHEYLHFQGFIHRSLSSYAVHILTNLEYM,Human,,Q8IWB6
MAST,microtubule associated serine/threonine kinase family member 4,MAST4,AGC,0,21,MAST4,KLISNGAYGAVYFFAMKKIQAFVERDILTFAEPFVVSMYCSCMVMEYVEGGDCATLMKNYLHNYGIVHRDLKPDNLLVLTDFGLS,Human,MAST,O15021
CAMK2,calcium/calmodulin-dependent protein kinase II delta,CAMK2D,CAMK,1558,115,CaMK2d,EELGKGAFSVVRRYAAKIIKLEREARICRLLKPNIVRLHDSYLVFDLVTGGELFEDIVAHCHLNGIVHRDLKPENLLLLADFGLA,Human,,Q13557
NAK,BMP2 inducible kinase,BMP2K,Other,1941,278,BIKE,ESLAEGGFSTVFLCALKRMVCKREITIMKELSKNIVGYLDCLILMEYCRAGQVVNQMNKHQCKTPIIHRDLKVENILLLCDFGSA,Human,BIKE,Q9NSY1
TSSK,testis specific serine kinase 1B,TSSK1B,CAMK,2257,181,TSSK1,INLGEGSYAKVKSVAIKIIFLPREIEILAMLNCSIIKTYEIYIVMELAVQGDLLELIKTYCHDLDVVHRDLKCDNLLLLSDFSFS,Human,,Q9BXA7
MLCK,myosin light chain kinase family member 4,MYLK4,CAMK,2111,157,SgK085,EILGGGRFGQVHKLAAKIIEVKNEISVMNQLDANLIQLYDAVLVMEYVDGGELFDRIIDHMHQMYILHLDLKPENILCIIDFGLA,Human,,Q86YV6
ABC1,Uncharacterized aarF domain-containing protein kinase 2,ADCK2,Atypical,1926,74,ADCK2,GSNAGVSRAQVPGVAVKVLDLRYEAQNLEHFQVKFPTPLRPREVLVETYVSSYQQAGIPMIFVDNFVHADLHPGNILVLLDAGIV,Human,ABC1-,Q7Z695
DAPK,death-associated protein kinase 3,DAPK3,CAMK,2004,141,DAPK3,EELGSGQFAIVRKYAAKFIEIEREVNILREIRPNIITLHDIVLILELVSGGELFDFLAEYLHSKRIAHFDLKPENIMLLIDFGIA,Human,DAPK,O43293
WEE,WEE1 homolog 2 (S. pombe),WEE2,Other,2279,335,Wee1B,EKIGVGEFGTVYKYAIKRSSALHEVYAHAVLGPHVVRYYSSIIQNEYCNGGSLQAAISEYIHNSSMVHLDIKPSNIFIIGDLGHA,Human,,P0C1S8
Other-Unique,ribonuclease L,RNASEL,Other,0,303,RNAseL,YKIADTSEGGIYLVAVKTFRAQREVSCLQSSRSHLVTFYGSFVCVTLCEQ-TLEACLDVLHLSCGYTHQDLQPQNILILADFDKS,Human,,Q05823
Alpha,Transient receptor potential cation channel subfamily M member 6,TRPM6,Atypical,498,79,ChaK2,,Human,ChaK,Q9BX84
RIO,Serine/threonine-protein kinase RIO2,RIOK2,Atypical,2187,101,RIOK2,NQMGVGKESDIYIFALKLHSAMKEFAYMKALYFPVPKPIDYAVVMELINGYPLCQIHHVLANHG-LIHGDFNEFNLILMIDFPQM,Human,RIO2,Q9BVS4
Alpha,Alpha-protein kinase 2,ALPK2,Atypical,0,77,AlphaK2,,Human,Alpha,Q86TB3
Alpha,Alpha-protein kinase 1,ALPK1,Atypical,0,75,AlphaK1,,Human,Alpha,Q96QP1
BRD,Bromodomain-containing protein 2,BRD2,Atypical,1944,83,BRD2,,Human,,P25440
BRD,Bromodomain-containing protein 3,BRD3,Atypical,2725,84,BRD3,,Human,,Q15059
BRD,Bromodomain-containing protein 4,BRD4,Atypical,1945,85,BRD4,,Human,,O60885
BRD,Bromodomain testis-specific protein,BRDT,Atypical,2729,82,BRDT,,Human,,Q58F21
Alpha,Alpha-protein kinase 3,ALPK3,Atypical,0,76,AlphaK3,,Human,Alpha,Q96L96
ABC1,Uncharacterized aarF domain-containing protein kinase 5,ADCK5,Atypical,1929,73,ADCK5,QPIAAASLAQVHRVAVKVQDFENEGRNAERCAVVVPRVHWDKRVLTADFCKVNDVEAIRFYTG--FIHSDPHPGNVLVLLDHGLY,Human,ABC1-,Q3MIX3
TIF1,Transcription intermediary factor 1-alpha,TRIM24,Atypical,2252,105,TIF1a,,Human,,O15164
TIF1,Transcription intermediary factor 1-beta,TRIM28,Atypical,2253,106,TIF1b,,Human,,Q13263
TIF1,E3 ubiquitin-protein ligase TRIM33,TRIM33,Atypical,2254,107,TIF1g,,Human,,Q9UPN9
PAN3,PAN3 poly(A) specific ribonuclease subunit,PAN3,Other,0,1106,PAN3,RIQKSSNFGYITSPYCLRRCM-VLVDMWKKIQSNIVTLREVAYDFHAGGETMMSRHFNDTIHTAGLACRVMDPTKILIVNCVGVF,Human,0,Q58A45
FAST,Fas-activated serine/threonine kinase,FASTK,Atypical,0,86,FASTK,,Human,,Q14296
G11,Serine/threonine-protein kinase 19,STK19,Atypical,2216,87,G11,,Human,,P49842
TAF1,Transcription initiation factor TFIID subunit 1,TAF1,Atypical,2231,103,TAF1,,Human,,P21675
TAF1,Transcription initiation factor TFIID subunit 1-like,TAF1L,Atypical,2232,104,TAF1L,,Human,,Q8IZX4
BCR,Breakpoint cluster region protein,BCR,Atypical,2755,81,BCR,,Human,,P11274
,,,,,,ABR,,,,
,,,,,,TRIM66,,,,
,,,,,,COL4A3BP,,,,
,,,,,,BLVRA,,,,
,,,,,,BAZ1A,,,,
,,,,,,BAZ1B,,,,
